".rownames","readingScore","readingScore.predict.All.X.no.rnorm.lm","readingScore.predict.All.X.no.rnorm.lm.err","readingScore.predict.All.X.no.rnorm.lm.accurate"
"3664",355.24,471.986713455741,116.746713455741,FALSE
"3668",453.5,540.197379426214,86.6973794262144,FALSE
"3670",405.13,429.752343409742,24.6223434097424,FALSE
"3671",665.05,499.013867929881,166.036132070119,FALSE
"3672",604.84,564.02122170409,40.8187782959104,FALSE
"3673",626.08,517.906435355711,108.173564644289,FALSE
"3674",525.32,530.593091749657,5.2730917496574,FALSE
"3676",354.63,408.554557039688,53.9245570396877,FALSE
"3677",547.35,538.939751368795,8.41024863120549,FALSE
"3678",571.39,536.27439872476,35.1156012752399,FALSE
"3681",513.84,477.833987672704,36.0060123272964,FALSE
"3683",380.34,403.231911498159,22.8919114981589,FALSE
"3684",467.1,460.33383127364,6.76616872635987,FALSE
"3688",482.5,496.925540165549,14.4255401655488,FALSE
"3689",545.73,519.095278784048,26.6347212159524,FALSE
"3690",516.1,557.289884820173,41.1898848201735,FALSE
"3692",412.67,488.294723091878,75.6247230918779,FALSE
"3697",567.74,498.299864050161,69.4401359498391,FALSE
"3698",716.37,566.976190246043,149.393809753957,FALSE
"3702",669.61,538.200187084221,131.409812915779,FALSE
"3703",462.88,469.296733701903,6.41673370190324,FALSE
"3706",473.28,539.904578705729,66.6245787057292,FALSE
"3707",595.62,535.556975137089,60.0630248629109,FALSE
"3708",409.02,476.155788546188,67.1357885461876,FALSE
"3709",550.58,534.801739383011,15.778260616989,FALSE
"3710",606.43,547.554454533627,58.8755454663726,FALSE
"3711",428.7,530.706674332496,102.006674332496,FALSE
"3712",561.62,530.399191380874,31.2208086191258,FALSE
"3714",623.67,556.298533229498,67.3714667705018,FALSE
"3715",475.92,426.514902024601,49.4050979753994,FALSE
"3717",541.76,521.81992341278,19.9400765872205,FALSE
"3719",336.65,483.054001171741,146.404001171741,FALSE
"3720",694.46,480.24115335907,214.21884664093,FALSE
"3722",534.04,467.725315590774,66.3146844092256,FALSE
"3723",545.5,486.959673317298,58.5403266827016,FALSE
"3725",514.56,536.982983236206,22.4229832362057,FALSE
"3726",498.31,564.170640874497,65.8606408744969,FALSE
"3727",514.64,495.00575630937,19.6342436906303,FALSE
"3728",414.51,429.489598344407,14.9795983444073,FALSE
"3731",356.23,492.95823492326,136.72823492326,FALSE
"3733",510.78,519.986244651686,9.20624465168567,FALSE
"3734",516.26,570.295808096159,54.0358080961587,FALSE
"3735",555.45,547.749898881116,7.70010111888394,FALSE
"3736",624.94,592.418290935403,32.521709064597,FALSE
"3737",456.36,486.243673085727,29.8836730857272,FALSE
"3738",662.27,587.089073777269,75.1809262227308,FALSE
"3739",626.92,523.391995752225,103.528004247775,FALSE
"3741",547.64,559.240484136179,11.6004841361787,FALSE
"3742",639,541.307002282852,97.6929977171479,FALSE
"3745",450.09,522.205255842382,72.1152558423821,FALSE
"3746",413.07,511.341366915513,98.2713669155128,FALSE
"3747",593.16,505.338863524861,87.8211364751394,FALSE
"3748",510.78,528.274942463941,17.494942463941,FALSE
"3749",526.91,471.014301532454,55.8956984675462,FALSE
"3750",521.78,504.878255322973,16.9017446770265,FALSE
"3751",589.52,414.941886363005,174.578113636995,FALSE
"3752",552.17,519.774918620633,32.3950813793666,FALSE
"3754",691.67,528.361602642324,163.308397357676,FALSE
"3756",527.15,541.818572741645,14.6685727416452,FALSE
"3757",433.72,522.969035597833,89.2490355978332,FALSE
"3758",490.67,383.089632434322,107.580367565679,FALSE
"3760",486.07,468.331782355884,17.7382176441158,FALSE
"3762",344.13,484.872096815157,140.742096815157,FALSE
"3770",460.13,448.033361125415,12.0966388745848,FALSE
"3775",378.04,473.136192805379,95.0961928053788,FALSE
"3776",669.34,590.48822176548,78.85177823452,FALSE
"3778",573.17,458.217544158681,114.952455841319,FALSE
"3779",412.91,439.501153552441,26.5911535524409,FALSE
"3782",610.8,551.972309228859,58.8276907711406,FALSE
"3783",538.13,459.132016474685,78.9979835253146,FALSE
"3784",514.59,508.476112652969,6.11388734703064,FALSE
"3786",417.64,361.186994962988,56.4530050370121,FALSE
"3787",459.94,476.617226525049,16.6772265250492,FALSE
"3788",613.02,547.184467818294,65.8355321817056,FALSE
"3791",551.14,559.028804319487,7.88880431948678,FALSE
"3792",537.89,487.242591338465,50.6474086615345,FALSE
"3793",604.67,547.765156028317,56.9048439716828,FALSE
"3794",510.14,474.733910767312,35.4060892326878,FALSE
"3795",480.97,454.747773988858,26.2222260111419,FALSE
"3801",458.03,489.492826863611,31.4628268636107,FALSE
"3803",497.43,540.259809552958,42.8298095529581,FALSE
"3804",465.34,567.413947287276,102.073947287276,FALSE
"3805",462.21,458.479664158457,3.73033584154336,FALSE
"3807",499.66,549.905276525861,50.2452765258607,FALSE
"3809",503.66,489.415795479917,14.244204520083,FALSE
"3810",554.01,506.506474125847,47.5035258741531,FALSE
"3811",548.31,570.116453962653,21.8064539626528,FALSE
"3812",551.29,573.940495089543,22.6504950895429,FALSE
"3813",541.02,466.866521529193,74.1534784708073,FALSE
"3816",412.59,504.452184753322,91.8621847533224,FALSE
"3817",406.5,574.56301894648,168.06301894648,FALSE
"3818",500.53,541.921824714517,41.3918247145167,FALSE
"3820",399.72,426.030732283847,26.3107322838467,FALSE
"3822",576.37,529.603468207104,46.7665317928958,FALSE
"3823",440.73,568.43401535344,127.70401535344,FALSE
"3824",535.57,569.029004608484,33.4590046084838,FALSE
"3825",417.28,487.522022400314,70.2420224003145,FALSE
"3830",508.95,544.911449556647,35.9614495566465,FALSE
"3831",639.39,565.739077720602,73.6509222793984,FALSE
"3832",432.93,493.081316780982,60.1513167809817,FALSE
"3835",677.13,526.403483149513,150.726516850487,FALSE
"3839",592.84,562.926143427586,29.913856572414,FALSE
"3840",605.15,511.701105220679,93.4488947793214,FALSE
"3841",685.79,573.471741310365,112.318258689635,FALSE
"3842",592.84,540.840014842003,51.9999851579971,FALSE
"3843",620.71,500.69927278141,120.01072721859,FALSE
"3844",539.34,543.932436001138,4.59243600113825,FALSE
"3845",461.61,418.596838258076,43.0131617419245,FALSE
"3846",482.82,547.139833618649,64.3198336186494,FALSE
"3847",545.03,554.907250047936,9.87725004793651,FALSE
"3848",574.05,554.459654245615,19.5903457543848,FALSE
"3849",522.1,497.276446355708,24.8235536442925,FALSE
"3850",664.66,594.601471652663,70.058528347337,FALSE
"3851",661.16,630.906549770904,30.2534502290957,FALSE
"3854",482.82,580.251393917537,97.4313939175369,FALSE
"3855",598.58,558.89934732889,39.6806526711099,FALSE
"3856",546.53,568.498333844902,21.9683338449017,FALSE
"3857",399.52,434.168337383372,34.6483373833717,FALSE
"3860",437.36,502.937952889798,65.5779528897975,FALSE
"3861",399.41,439.889337612551,40.4793376125509,FALSE
"3862",473.92,519.035895276534,45.1158952765339,FALSE
"3863",466.7,424.670741349707,42.0292586502927,FALSE
"3865",688.17,583.57225713566,104.59774286434,FALSE
"3867",624.79,563.685306765817,61.1046932341832,FALSE
"3868",467.09,513.862973597662,46.772973597662,FALSE
"3871",602.14,574.996588209438,27.1434117905618,FALSE
"3872",626.4,595.060228187588,31.3397718124119,FALSE
"3874",559.16,602.146075476906,42.9860754769056,FALSE
"3875",631.37,637.691434909108,6.32143490910812,FALSE
"3876",561.78,568.699826246959,6.91982624695913,FALSE
"3877",687.3,607.15361469025,80.1463853097501,FALSE
"3878",505.22,574.103615374731,68.883615374731,FALSE
"3879",551.53,567.576446050364,16.0464460503641,FALSE
"3880",617.42,557.059492048467,60.3605079515329,FALSE
"3881",558.17,509.351813622393,48.8181863776073,FALSE
"3882",589.98,606.519230823868,16.5392308238679,FALSE
"3893",670.17,494.930935777438,175.239064222562,FALSE
"3894",576.85,527.789709489026,49.0602905109745,FALSE
"3895",594.11,507.472519250913,86.637480749087,FALSE
"3897",673.08,525.897659462502,147.182340537498,FALSE
"3898",582.14,493.268358270263,88.8716417297369,FALSE
"3900",587.36,552.655478375787,34.7045216242128,FALSE
"3901",586.47,594.194803865036,7.72480386503548,FALSE
"3902",428.78,516.740399858384,87.9603998583837,FALSE
"3903",599.2,576.358568412866,22.841431587134,FALSE
"3905",504.78,494.10375041506,10.6762495849399,FALSE
"3907",485.62,506.859095870768,21.2390958707682,FALSE
"3908",505.06,542.50629170072,37.4462917007205,FALSE
"3909",670.41,546.593864344946,123.816135655054,FALSE
"3910",527.7,594.551407505532,66.8514075055316,FALSE
"3911",674.82,493.688648529068,181.131351470932,FALSE
"3912",616.46,553.201220956235,63.2587790437653,FALSE
"3913",389.42,540.196741731867,150.776741731867,FALSE
"3914",497.57,432.669780004713,64.9002199952867,FALSE
"3916",363.29,454.75549705514,91.4654970551397,FALSE
"3917",652.82,584.652629152454,68.1673708475458,FALSE
"3918",545.43,486.27634431328,59.1536556867197,FALSE
"3919",533.82,434.34471979186,99.4752802081398,FALSE
"3920",463.59,562.28919778522,98.69919778522,FALSE
"3921",443.26,455.812360684195,12.5523606841947,FALSE
"3923",512.21,535.009007130065,22.7990071300646,FALSE
"3924",486.34,470.995469238905,15.344530761095,FALSE
"3925",588.64,489.02832550819,99.6116744918102,FALSE
"3927",615.64,571.195774103515,44.4442258964851,FALSE
"3929",561.38,510.277571141704,51.1024288582963,FALSE
"3930",442.38,556.119912288417,113.739912288417,FALSE
"3933",547.64,552.933893264371,5.29389326437104,FALSE
"3936",496,517.20356114157,21.20356114157,FALSE
"3937",534.12,504.937389671095,29.1826103289052,FALSE
"3938",593.85,539.845393634621,54.0046063653788,FALSE
"3939",561.62,473.202083544612,88.417916455388,FALSE
"3942",459.06,469.624758649575,10.5647586495753,FALSE
"3943",439.85,436.788981991298,3.06101800870152,FALSE
"3945",437.92,553.946778063477,116.026778063477,FALSE
"3947",527.23,470.675283016804,56.5547169831958,FALSE
"3948",592.13,506.564944272777,85.5650557272228,FALSE
"3949",530.36,450.363288775656,79.9967112243441,FALSE
"3950",357.6,384.535052108565,26.9350521085645,FALSE
"3951",438.48,412.163296125249,26.3167038747509,FALSE
"3952",518.41,531.672234266643,13.2622342666431,FALSE
"3956",504.19,492.095708881859,12.0942911181405,FALSE
"3959",391.27,412.441146134216,21.1711461342157,FALSE
"3963",520.42,578.936717819992,58.5167178199916,FALSE
"3964",422.93,440.331093870852,17.4010938708519,FALSE
"3965",588.08,579.226698403941,8.85330159605871,FALSE
"3967",413.31,476.875741039428,63.5657410394281,FALSE
"3968",540.3,551.372914210406,11.0729142104062,FALSE
"3969",523.7,474.373350250597,49.326649749403,FALSE
"3971",633.2,577.355250664839,55.8447493351614,FALSE
"3972",482.26,612.53719171703,130.27719171703,FALSE
"3975",690.45,514.812067062267,175.637932937733,FALSE
"3976",590.06,547.470734610873,42.5892653891266,FALSE
"3977",625.02,535.787056377522,89.2329436224782,FALSE
"3978",496,513.017282817304,17.017282817304,FALSE
"3979",444.9,432.519108694886,12.3808913051138,FALSE
"3982",622.95,551.099795547452,71.8502044525484,FALSE
"3984",635.7,525.121883320723,110.578116679278,FALSE
"3985",504.86,504.120926683783,0.739073316216604,FALSE
"3986",624.62,519.391250698011,105.228749301989,FALSE
"3987",423.4,576.54117237604,153.14117237604,FALSE
"3988",517.69,524.871733448447,7.18173344844695,FALSE
"3990",370.98,488.052453207883,117.072453207883,FALSE
"3991",573.73,447.688841974245,126.041158025755,FALSE
"3992",569.4,536.588562375587,32.811437624413,FALSE
"3993",562.34,563.139032140552,0.799032140551731,FALSE
"3994",505.78,552.888196430531,47.1081964305306,FALSE
"3995",573.54,603.561757628323,30.0217576283234,FALSE
"3996",602.37,535.638730445025,66.7312695549746,FALSE
"3997",558.09,538.110773902546,19.9792260974542,FALSE
"3998",438.24,412.841253582456,25.3987464175439,FALSE
"3999",441.43,494.038696629152,52.6086966291523,FALSE
"4000",462.62,400.405593888639,62.2144061113607,FALSE
"4002",471.19,572.455870509287,101.265870509287,FALSE
"4007",444.05,523.369531339048,79.3195313390475,FALSE
"4008",529.61,585.133887150434,55.5238871504345,FALSE
"4010",378.28,507.438929406587,129.158929406587,FALSE
"4011",505.75,528.677020789473,22.9270207894726,FALSE
"4014",679.27,555.635019220385,123.634980779615,FALSE
"4015",568.69,553.341973031046,15.3480269689544,FALSE
"4016",603.79,539.106950306626,64.6830496933737,FALSE
"4017",533.08,480.301639849342,52.7783601506581,FALSE
"4019",483.7,451.998462386799,31.7015376132012,FALSE
"4020",508.07,506.814703019729,1.25529698027134,FALSE
"4021",429.04,529.087332501682,100.047332501682,FALSE
"4022",449.23,456.136706477903,6.90670647790301,FALSE
"4023",406.42,503.802219534569,97.3822195345692,FALSE
"4025",497.81,499.751750868117,1.94175086811703,FALSE
"4027",432.93,572.561317564295,139.631317564295,FALSE
"4028",435.23,524.050400633163,88.820400633163,FALSE
"4029",646.31,503.687249187909,142.622750812091,FALSE
"4030",370.25,561.192723183138,190.942723183138,FALSE
"4031",366.04,454.106512480082,88.0665124800817,FALSE
"4032",427.21,500.879224672157,73.6692246721574,FALSE
"4033",352.95,508.278545909041,155.328545909041,FALSE
"4035",378.04,580.252588074891,202.212588074891,FALSE
"4036",525.32,510.222476632566,15.0975233674341,FALSE
"4037",707.08,588.453358199361,118.626641800639,FALSE
"4038",606.66,540.574222434133,66.085777565867,FALSE
"4040",574.93,541.553113669434,33.3768863305655,FALSE
"4041",524.1,513.414501141261,10.6854988587387,FALSE
"4042",484.02,438.546600053552,45.4733999464477,FALSE
"4044",456.44,539.829923573707,83.389923573707,FALSE
"4046",647.96,576.53346243177,71.4265375682301,FALSE
"4047",467.02,532.05949153275,65.0394915327497,FALSE
"4048",631.53,539.748119747971,91.7818802520287,FALSE
"4049",546.77,557.805663288084,11.0356632880836,FALSE
"4050",530.48,559.779986970073,29.2999869700732,FALSE
"4052",597.78,588.063286787148,9.71671321285191,FALSE
"4054",500.94,556.175627844744,55.235627844744,FALSE
"4055",589.68,526.632920752974,63.0470792470262,FALSE
"4056",560.58,542.129521582769,18.4504784172306,FALSE
"4058",424.22,478.730124500836,54.5101245008355,FALSE
"4060",529.07,515.42342767144,13.6465723285603,FALSE
"4062",569.4,543.404015773227,25.995984226773,FALSE
"4064",509.11,593.085226088744,83.9752260887437,FALSE
"4069",740.44,509.936137317561,230.503862682439,FALSE
"4070",649.24,589.473071644158,59.7669283558421,FALSE
"4071",353.33,476.432532039137,123.102532039137,FALSE
"4072",551.06,468.042022596691,83.0179774033093,FALSE
"4073",485.22,524.582893066371,39.3628930663712,FALSE
"4075",645.51,559.523814376329,85.986185623671,FALSE
"4078",657.5,540.939386217169,116.560613782831,FALSE
"4079",442.33,483.315461690255,40.9854616902553,FALSE
"4080",727.57,571.97005539869,155.59994460131,FALSE
"4081",606.19,545.437621500164,60.7523784998365,FALSE
"4082",544.95,576.996229704594,32.0462297045941,FALSE
"4084",450.25,551.382288042317,101.132288042317,FALSE
"4085",506.87,535.032733281369,28.1627332813689,FALSE
"4086",562.82,521.15333839067,41.6666616093296,FALSE
"4087",545.59,538.293788412567,7.29621158743316,FALSE
"4088",517.29,509.585858240652,7.70414175934843,FALSE
"4089",709.06,535.885687212521,173.174312787479,FALSE
"4091",440.87,521.814465549399,80.9444655493991,FALSE
"4092",550.08,542.536042882748,7.54395711725158,FALSE
"4093",499.58,527.489873887918,27.9098738879177,FALSE
"4094",377.48,380.387764426705,2.90776442670523,FALSE
"4095",517.53,497.885148979375,19.644851020625,FALSE
"4103",568.2,520.287836722997,47.9121632770028,FALSE
"4104",493.64,476.764358837967,16.8756411620328,FALSE
"4105",512.24,456.169412921876,56.0705870781243,FALSE
"4106",562.97,569.811689279899,6.84168927989879,FALSE
"4107",482.9,551.170530285722,68.2705302857222,FALSE
"4108",682.11,554.888259566188,127.221740433812,FALSE
"4110",675.3,564.083921827323,111.216078172677,FALSE
"4111",545.18,502.7466952924,42.4333047076003,FALSE
"4112",557.69,588.291464624102,30.6014646241015,FALSE
"4113",345.65,495.981656626259,150.331656626259,FALSE
"4114",515.31,576.781449136316,61.4714491363166,FALSE
"4115",514.51,561.517860161871,47.0078601618711,FALSE
"4117",400.57,501.203399752796,100.633399752796,FALSE
"4118",526.67,496.869816777636,29.8001832223641,FALSE
"4119",598.01,500.673319521481,97.3366804785186,FALSE
"4120",565.44,555.200598695757,10.2394013042426,FALSE
"4122",467.26,499.672182256836,32.4121822568356,FALSE
"4124",581.8,527.27693484782,54.5230651521802,FALSE
"4125",636.22,598.95122466604,37.2687753339599,FALSE
"4126",476.16,398.908428402566,77.2515715974337,FALSE
"4129",708.11,595.883013482537,112.226986517463,FALSE
"4130",551.28,520.874883666255,30.4051163337449,FALSE
"4131",540.81,586.776343281359,45.9663432813592,FALSE
"4132",644.27,527.409274223186,116.860725776814,FALSE
"4135",575.01,524.578511430927,50.4314885690728,FALSE
"4136",715.1,541.106180548193,173.993819451807,FALSE
"4139",494.44,458.084538510882,36.3554614891184,FALSE
"4140",579.73,578.007172639262,1.72282736073817,FALSE
"4141",499.02,452.474711574781,46.5452884252192,FALSE
"4142",473.21,418.295564145924,54.9144358540758,FALSE
"4143",479.37,458.893558029229,20.4764419707714,FALSE
"4145",595.61,454.098053070598,141.511946929402,FALSE
"4146",544.62,582.784175127268,38.1641751272676,FALSE
"4147",581.74,583.101499941927,1.36149994192704,FALSE
"4148",473.76,545.142620592417,71.3826205924167,FALSE
"4149",535.81,574.863904503273,39.0539045032731,FALSE
"4151",452.83,460.174971103438,7.34497110343841,FALSE
"4152",585.67,491.815972474583,93.854027525417,FALSE
"4163",530.52,537.192260696788,6.67226069678793,FALSE
"4165",518.65,563.115215260233,44.4652152602332,FALSE
"4167",579.73,509.802783288859,69.9272167111415,FALSE
"4168",477.05,476.97737217102,0.0726278289800462,FALSE
"4169",516.98,525.966771034517,8.98677103451666,FALSE
"4170",524.05,590.195132886784,66.145132886784,FALSE
"4171",490.76,567.411501055913,76.6515010559132,FALSE
"4172",584.66,588.988929429157,4.32892942915669,FALSE
"4173",525.15,530.001229556839,4.85122955683869,FALSE
"4175",451.99,448.918995991466,3.07100400853381,FALSE
"4176",370.41,418.328335805486,47.9183358054862,FALSE
"4179",545.75,475.440606110671,70.3093938893289,FALSE
"4180",314.33,445.375076085816,131.045076085816,FALSE
"4181",586.15,542.369891029291,43.7801089707091,FALSE
"4182",330.1,362.752991271422,32.6529912714217,FALSE
"4186",438.57,473.237663198004,34.6676631980037,FALSE
"4190",554.81,437.409166758827,117.400833241173,FALSE
"4192",454.14,458.701755040115,4.56175504011509,FALSE
"4193",431.11,477.715709429366,46.6057094293664,FALSE
"4195",416.25,508.082716106496,91.8327161064963,FALSE
"4196",469.47,513.64478692191,44.1747869219098,FALSE
"4197",665.12,578.488233170658,86.6317668293417,FALSE
"4198",506.65,529.938078871595,23.2880788715954,FALSE
"4199",511.1,579.28250291412,68.1825029141203,FALSE
"4200",479.53,426.212127478839,53.3178725211614,FALSE
"4202",385.9,524.33452071698,138.43452071698,FALSE
"4203",444.58,493.620250041266,49.0402500412656,FALSE
"4207",490.68,501.016381301495,10.3363813014945,FALSE
"4208",622.16,536.200292043864,85.9597079561357,FALSE
"4209",580.38,522.803389188869,57.5766108111314,FALSE
"4210",517.69,580.418774803337,62.7287748033366,FALSE
"4211",366.2,567.54457675477,201.34457675477,FALSE
"4213",584.63,531.214805057834,53.4151949421664,FALSE
"4214",561.46,529.941167232552,31.5188327674477,FALSE
"4216",495.16,519.919524670013,24.7595246700126,FALSE
"4217",444.18,518.391566800432,74.2115668004316,FALSE
"4218",597.85,527.165225957251,70.6847740427487,FALSE
"4219",522.9,522.75595944294,0.144040557059952,FALSE
"4221",527.71,547.131843164222,19.421843164222,FALSE
"4222",430.47,564.009000661017,133.539000661017,FALSE
"4225",415.45,526.922793323192,111.472793323192,FALSE
"4226",462.7,568.310719082075,105.610719082075,FALSE
"4227",458.83,554.444650240432,95.6146502404325,FALSE
"4228",625.52,557.483731519206,68.0362684807942,FALSE
"4229",474.56,487.657099166433,13.0970991664332,FALSE
"4231",511.76,510.156757680599,1.60324231940137,FALSE
"4232",451.31,583.696109016448,132.386109016448,FALSE
"4235",383.41,422.737626561254,39.3276265612542,FALSE
"4239",474.48,543.828882840773,69.3488828407727,FALSE
"4240",491.48,456.747013286846,34.7329867131543,FALSE
"4241",574.33,458.178947586503,116.151052413497,FALSE
"4242",489.09,519.574494907828,30.4844949078277,FALSE
"4243",314.95,443.365519407272,128.415519407272,FALSE
"4245",475.83,584.659488963449,108.829488963449,FALSE
"4246",627.36,500.910152439251,126.449847560749,FALSE
"4247",534.61,505.673891074705,28.9361089252945,FALSE
"4248",614.21,541.084511910134,73.1254880898659,FALSE
"4249",425.66,457.682763162783,32.0227631627833,FALSE
"4251",607.22,590.16634348331,17.0536565166897,FALSE
"4252",541.18,511.516689417217,29.6633105827834,FALSE
"4253",535.88,622.027212165567,86.1472121655672,FALSE
"4256",441.67,422.968359061966,18.7016409380338,FALSE
"4257",595.45,544.466874059313,50.9831259406866,FALSE
"4258",360.16,420.800297596838,60.6402975968379,FALSE
"4259",419.27,562.341202263609,143.071202263609,FALSE
"4260",537.63,547.43176793462,9.8017679346201,FALSE
"4261",397.74,506.858750187521,109.118750187521,FALSE
"4262",675.94,508.867081042431,167.072918957569,FALSE
"4264",595.61,550.265545098645,45.3444549013552,FALSE
"4265",581.74,574.325742908025,7.41425709197529,FALSE
"4266",637.62,612.977816001481,24.6421839985189,FALSE
"4267",615.49,571.466667855471,44.0233321445294,FALSE
"4268",602.59,557.249120193203,45.3408798067967,FALSE
"4269",510.39,557.249120193203,46.8591201932034,FALSE
"4270",678.43,556.737582133407,121.692417866592,FALSE
"4272",474.4,597.995966830714,123.595966830714,FALSE
"4273",515.37,474.820165926498,40.549834073502,FALSE
"4275",352.14,511.74743764757,159.60743764757,FALSE
"4279",597.13,565.471896991563,31.6581030084374,FALSE
"4280",507.6,526.930979818812,19.3309798188116,FALSE
"4281",541.84,509.931202927712,31.9087970722881,FALSE
"4283",498.63,450.045253432509,48.584746567491,FALSE
"4285",602.67,561.177307528095,41.4926924719048,FALSE
"4286",415.48,353.223123113967,62.2568768860332,FALSE
"4287",462.08,489.62959892993,27.5495989299295,FALSE
"4288",583.31,545.451808020504,37.8581919794962,FALSE
"4290",399.84,503.040017723067,103.200017723067,FALSE
"4291",387.41,473.535441185657,86.1254411856572,FALSE
"4294",672.33,548.47078897279,123.85921102721,FALSE
"4295",416.33,407.724359580215,8.60564041978449,FALSE
"4296",609.92,480.314642352193,129.605357647807,FALSE
"4297",448.5,474.897480283852,26.3974802838524,FALSE
"4298",554.73,393.30457168916,161.42542831084,FALSE
"4300",490.59,511.444774317022,20.8547743170217,FALSE
"4302",501.34,512.166163661428,10.8261636614278,FALSE
"4303",564.35,582.764249966291,18.4142499662905,FALSE
"4304",477.21,541.733986154345,64.5239861543453,FALSE
"4305",526.43,450.375201322225,76.0547986777748,FALSE
"4307",598.64,570.674804819163,27.9651951808372,FALSE
"4309",588.24,526.483160882849,61.7568391171512,FALSE
"4311",634.81,491.451296501189,143.358703498811,FALSE
"4312",697.15,573.642942090982,123.507057909018,FALSE
"4321",433.92,489.772032509971,55.8520325099713,FALSE
"4323",413.39,510.78968048558,97.3996804855804,FALSE
"4324",542.79,524.648801940158,18.1411980598417,FALSE
"4326",488.78,495.22824508493,6.44824508493008,FALSE
"4327",496.56,501.485790050525,4.92579005052517,FALSE
"4329",427.92,527.355066679578,99.4350666795779,FALSE
"4330",480.81,575.044784009297,94.2347840092968,FALSE
"4331",424.51,425.314798625488,0.804798625488388,FALSE
"4332",471.14,490.207967275713,19.0679672757126,FALSE
"4334",472.41,482.220429712274,9.81042971227447,FALSE
"4335",506.57,492.994999590918,13.5750004090819,FALSE
"4336",463.9,471.529856632364,7.62985663236446,FALSE
"4337",499.41,464.067869407275,35.3421305927252,FALSE
"4338",298.91,377.363795586691,78.4537955866908,FALSE
"4341",496.45,460.190379604289,36.259620395711,FALSE
"4342",565.67,544.693089716795,20.9769102832049,FALSE
"4344",537.63,469.010599955591,68.6194000444085,FALSE
"4345",566.11,490.711771319524,75.3982286804762,FALSE
"4346",560.34,510.910082389486,49.4299176105144,FALSE
"4347",379.55,495.837631944,116.287631944,FALSE
"4348",533.02,498.467833227346,34.5521667726543,FALSE
"4349",542.14,525.346462368552,16.7935376314476,FALSE
"4351",522.54,517.664486751803,4.87551324819742,FALSE
"4354",393.92,536.074908831233,142.154908831233,FALSE
"4356",537,542.227422052111,5.22742205211125,FALSE
"4358",496.21,443.575963137902,52.6340368620981,FALSE
"4360",377.64,476.772494619207,99.1324946192069,FALSE
"4362",555.9,535.699896094254,20.2001039057465,FALSE
"4364",497.09,515.777544851909,18.6875448519094,FALSE
"4365",445.64,523.92995368602,78.2899536860199,FALSE
"4368",477.42,476.119392486384,1.300607513616,FALSE
"4370",454.36,563.103983922877,108.743983922877,FALSE
"4371",506.25,556.249223366419,49.9992233664192,FALSE
"4372",408.86,511.11346697283,102.25346697283,FALSE
"4373",423.95,556.205070051605,132.255070051605,FALSE
"4375",523.78,510.466349674211,13.3136503257888,FALSE
"4378",546.61,555.914846689432,9.30484668943177,FALSE
"4379",593.69,414.929066553081,178.760933446919,FALSE
"4380",524.58,496.731539056184,27.8484609438156,FALSE
"4382",454.14,477.030112125407,22.8901121254073,FALSE
"4383",429.03,468.317145187853,39.2871451878529,FALSE
"4384",528.43,536.806493764625,8.37649376462525,FALSE
"4386",489.09,515.148528802857,26.0585288028569,FALSE
"4388",574.53,438.662696259502,135.867303740498,FALSE
"4389",327.29,495.679420974188,168.389420974188,FALSE
"4390",608.2,570.248252824247,37.9517471757532,FALSE
"4391",467.09,611.925364392013,144.835364392013,FALSE
"4393",435.12,502.376490584191,67.2564905841913,FALSE
"4394",531.56,554.10237139968,22.5423713996804,FALSE
"4395",342.85,483.069668194855,140.219668194855,FALSE
"4396",303.24,510.320092276058,207.080092276058,FALSE
"4397",549.79,569.02265197294,19.2326519729404,FALSE
"4398",621.03,583.888031114374,37.1419688856264,FALSE
"4399",482.82,542.718697725917,59.8986977259166,FALSE
"4400",465.5,540.934572998312,75.4345729983116,FALSE
"4401",392.23,489.117430602814,96.8874306028141,FALSE
"4403",532.07,561.52695932694,29.4569593269403,FALSE
"4404",359.69,523.337887850522,163.647887850522,FALSE
"4405",509.83,504.893691169626,4.93630883037434,FALSE
"4406",560.9,501.645082315754,59.2549176842457,FALSE
"4408",507.19,535.614093789716,28.4240937897162,FALSE
"4409",454.6,507.15365684526,52.55365684526,FALSE
"4410",682.03,538.417137359057,143.612862640943,FALSE
"4411",543.35,472.663940679399,70.6860593206011,FALSE
"4412",551.61,552.815380019627,1.20538001962689,FALSE
"4413",398.72,512.993273899951,114.273273899951,FALSE
"4414",555.21,514.599821280217,40.6101787197828,FALSE
"4416",594.25,499.929379778024,94.320620221976,FALSE
"4417",603.65,535.0380159214,68.6119840785997,FALSE
"4418",673.79,540.685806203668,133.104193796332,FALSE
"4419",534.77,554.212213861767,19.4422138617673,FALSE
"4420",638.6,587.798828731554,50.8011712684457,FALSE
"4421",523.33,576.795576084951,53.4655760849514,FALSE
"4424",625.81,597.333546323137,28.4764536768632,FALSE
"4425",544.31,566.796997440793,22.4869974407932,FALSE
"4426",540.06,517.37193497048,22.68806502952,FALSE
"4427",554.41,535.821136480686,18.5888635193143,FALSE
"4428",658.7,534.46253560413,124.23746439587,FALSE
"4429",454.2,520.32453565089,66.1245356508901,FALSE
"4432",486.79,491.369020819978,4.57902081997804,FALSE
"4433",470.79,468.365369203639,2.42463079636127,FALSE
"4435",480.17,420.83654026216,59.3334597378399,FALSE
"4438",414.5,422.145939706088,7.64593970608797,FALSE
"4440",511.42,525.539816372373,14.1198163723735,FALSE
"4442",601.98,563.185757449867,38.7942425501329,FALSE
"4443",652.53,520.772540803928,131.757459196072,FALSE
"4444",581.98,512.598143330328,69.3818566696725,FALSE
"4445",636.53,542.394981807208,94.1350181927922,FALSE
"4446",581.42,512.416232968369,69.0037670316314,FALSE
"4460",475.59,557.971460027683,82.3814600276834,FALSE
"4462",415.72,409.230118930781,6.48988106921905,FALSE
"4463",605.55,566.61129736492,38.9387026350795,FALSE
"4470",511.73,469.921580406686,41.8084195933145,FALSE
"4471",419.32,448.978394590707,29.6583945907072,FALSE
"4472",434.4,482.070943568699,47.6709435686995,FALSE
"4473",251.21,442.944963328125,191.734963328125,FALSE
"4477",405.76,436.968630733424,31.2086307334243,FALSE
"4478",448.19,426.763090373458,21.4269096265421,FALSE
"4479",445.88,561.469039503205,115.589039503205,FALSE
"4480",339.35,558.821214077321,219.471214077321,FALSE
"4481",450.25,543.187167054183,92.9371670541832,FALSE
"4482",512.61,399.251208601777,113.358791398223,FALSE
"4483",372.79,547.649345339128,174.859345339128,FALSE
"4484",351.66,463.538125717022,111.878125717022,FALSE
"4485",476.38,535.503334812152,59.1233348121521,FALSE
"4486",559.38,520.38782926542,38.9921707345795,FALSE
"4488",565.87,516.233279654115,49.636720345885,FALSE
"4490",518.41,527.766187348188,9.35618734818797,FALSE
"4492",517.14,525.091012401099,7.95101240109852,FALSE
"4495",675.3,563.883078040822,111.416921959178,FALSE
"4496",500.45,593.682807276128,93.2328072761282,FALSE
"4497",553.12,584.550240141585,31.4302401415846,FALSE
"4499",547.27,546.265693167224,1.00430683277648,FALSE
"4501",487.15,547.698847035561,60.5488470355606,FALSE
"4502",611.35,545.584111731827,65.7658882681731,FALSE
"4503",538.43,555.708680567221,17.2786805672215,FALSE
"4505",490.76,530.579631459423,39.8196314594235,FALSE
"4508",377.88,409.186184868232,31.3061848682318,FALSE
"4509",646.78,566.884709577665,79.8952904223352,FALSE
"4510",457.79,548.558886481047,90.7688864810465,FALSE
"4511",506.15,438.395381517489,67.7546184825113,FALSE
"4512",347.74,502.978905409241,155.238905409241,FALSE
"4513",529.96,550.929902211241,20.9699022112409,FALSE
"4514",515.07,464.334591496153,50.7354085038475,FALSE
"4516",494.36,474.216184659808,20.1438153401925,FALSE
"4517",462.16,566.871113072884,104.711113072884,FALSE
"4518",585.11,499.001220475627,86.1087795243735,FALSE
"4519",500.93,562.085794923725,61.1557949237254,FALSE
"4521",483.46,462.089816235206,21.3701837647937,FALSE
"4522",594.57,548.080195838144,46.4898041618562,FALSE
"4523",677.62,553.187954469998,124.432045530002,FALSE
"4524",514.8,536.678938786563,21.8789387865633,FALSE
"4525",668.55,562.028587788896,106.521412211104,FALSE
"4526",505.67,479.129016455911,26.5409835440889,FALSE
"4528",611.89,513.354200925915,98.5357990740854,FALSE
"4529",509.67,565.442510647619,55.772510647619,FALSE
"4530",462.78,406.928657351458,55.8513426485419,FALSE
"4531",355.71,466.533478516337,110.823478516337,FALSE
"4533",423.25,426.980718610988,3.73071861098822,FALSE
"4535",590.46,527.369931343289,63.0900686567111,FALSE
"4536",530.4,452.454720943185,77.9452790568149,FALSE
"4537",572.66,540.052663426265,32.6073365737352,FALSE
"4539",524.26,543.684481393629,19.4244813936293,FALSE
"4540",482.9,547.990678121285,65.0906781212854,FALSE
"4541",666.48,594.861786041099,71.6182139589008,FALSE
"4542",609.05,572.602814184832,36.4471858151675,FALSE
"4543",534.06,558.843338696525,24.7833386965254,FALSE
"4544",562.65,594.546492215976,31.8964922159756,FALSE
"4545",317.59,510.868530877877,193.278530877877,FALSE
"4546",448.75,561.492851309848,112.742851309848,FALSE
"4547",622.55,587.812784240961,34.7372157590391,FALSE
"4548",535.41,609.998548619455,74.5885486194546,FALSE
"4550",491.07,543.748423651104,52.6784236511037,FALSE
"4551",581.16,594.255443980059,13.0954439800595,FALSE
"4552",662.83,558.885173626082,103.944826373918,FALSE
"4553",736.23,584.070604146874,152.159395853126,FALSE
"4554",376.44,454.394198062565,77.954198062565,FALSE
"4555",707.79,526.041140791794,181.748859208206,FALSE
"4556",640.03,570.345843514783,69.6841564852169,FALSE
"4557",413.55,453.904438333669,40.3544383336689,FALSE
"4559",581.48,540.909355932943,40.5706440670574,FALSE
"4560",560.98,535.47336433099,25.5066356690105,FALSE
"4561",505.14,548.473719621645,43.3337196216453,FALSE
"4562",632.01,514.832025265634,117.177974734366,FALSE
"4563",380.34,463.844694696591,83.5046946965911,FALSE
"4565",600.26,464.438699063306,135.821300936694,FALSE
"4568",530.44,501.687720765394,28.7522792346059,FALSE
"4569",611.59,563.599446905779,47.9905530942215,FALSE
"4570",589.19,562.83435858602,26.3556414139797,FALSE
"4572",645.48,514.779130705122,130.700869294878,FALSE
"4574",644.24,531.45776868848,112.78223131152,FALSE
"4578",541.18,511.350611165116,29.8293888348837,FALSE
"4579",514.4,502.537131705037,11.8628682949627,FALSE
"4580",420.69,465.942513346261,45.2525133462615,FALSE
"4584",564.96,553.915676524839,11.044323475161,FALSE
"4585",511.57,494.93410485092,16.6358951490803,FALSE
"4586",554.79,557.946139160277,3.15613916027746,FALSE
"4587",500.69,525.654299528255,24.964299528255,FALSE
"4588",499.42,570.204990950086,70.7849909500862,FALSE
"4589",534.12,502.525439908067,31.594560091933,FALSE
"4590",519.93,540.67371547715,20.7437154771505,FALSE
"4592",590.46,588.792806802684,1.66719319731578,FALSE
"4593",528.99,510.907508705839,18.0824912941608,FALSE
"4594",611.81,509.672739115896,102.137260884104,FALSE
"4599",476.46,562.030593476485,85.5705934764854,FALSE
"4600",772.46,518.951201209867,253.508798790133,FALSE
"4601",598.9,575.263124594105,23.6368754058946,FALSE
"4602",647.74,540.784029244691,106.955970755309,FALSE
"4603",582.63,579.334709365097,3.29529063490259,FALSE
"4604",575.73,563.211985010587,12.5180149894127,FALSE
"4605",648.6,581.427525256719,67.1724747432809,FALSE
"4606",526.51,559.00467806182,32.4946780618201,FALSE
"4609",460.42,590.631858870865,130.211858870865,FALSE
"4610",641.15,481.455036220561,159.694963779439,FALSE
"4611",646.07,547.584107237541,98.4858927624595,FALSE
"4612",550.26,518.495067131611,31.7649328683892,FALSE
"4613",655.74,542.176058624479,113.563941375521,FALSE
"4616",619.53,459.096702758312,160.433297241688,FALSE
"4617",497.28,442.570828238088,54.709171761912,FALSE
"4619",460.21,444.688855037576,15.5211449624243,FALSE
"4622",443.26,500.283379108641,57.0233791086413,FALSE
"4624",566.19,481.509213332949,84.6807866670512,FALSE
"4625",622.23,551.374464296464,70.8555357035359,FALSE
"4626",545.73,568.996194848982,23.2661948489816,FALSE
"4627",626.21,566.501921405721,59.708078594279,FALSE
"4628",726.3,600.051924769128,126.248075230872,FALSE
"4629",594.19,624.332191537759,30.1421915377588,FALSE
"4630",598.8,592.879736894652,5.92026310534789,FALSE
"4631",678.91,499.688495678053,179.221504321946,FALSE
"4632",625.89,503.921685992189,121.968314007811,FALSE
"4633",651.17,547.662176895858,103.507823104142,FALSE
"4634",648.2,615.018952515801,33.1810474841989,FALSE
"4635",460.1,547.174207977167,87.0742079771668,FALSE
"4639",612.61,459.256927965603,153.353072034397,FALSE
"4640",504.46,481.845437258479,22.6145627415212,FALSE
"4642",699.93,588.156191171148,111.773808828852,FALSE
"4644",547.08,587.296298850146,40.2162988501456,FALSE
"4646",657.59,551.096440492684,106.493559507316,FALSE
"4647",624.71,524.641959326869,100.068040673131,FALSE
"4648",568.12,461.008654958074,107.111345041926,FALSE
"4649",517.22,551.825997651759,34.6059976517593,FALSE
"4650",419.81,443.146885448185,23.3368854481849,FALSE
"4652",398.29,519.127800410808,120.837800410808,FALSE
"4655",454.06,519.614128896229,65.554128896229,FALSE
"4656",619.42,580.471365972604,38.9486340273959,FALSE
"4657",489.89,472.532568132129,17.3574318678707,FALSE
"4658",453.72,483.458851428733,29.7388514287325,FALSE
"4659",622.23,562.254273736454,59.9757262635459,FALSE
"4660",462.64,566.657819476942,104.017819476942,FALSE
"4661",672.81,473.461250916521,199.348749083479,FALSE
"4662",584.71,531.391611970027,53.3183880299727,FALSE
"4663",589.19,619.032759972314,29.8427599723136,FALSE
"4664",542.56,564.61515561961,22.0551556196102,FALSE
"4666",466.37,591.50652677698,125.13652677698,FALSE
"4667",610.32,569.492035479934,40.8279645200663,FALSE
"4669",528.89,535.617218667464,6.72721866746372,FALSE
"4672",452.75,510.009448134962,57.2594481349621,FALSE
"4673",554.57,546.007864174115,8.56213582588543,FALSE
"4674",493.78,529.701970774441,35.9219707744414,FALSE
"4675",480.41,495.494525816207,15.0845258162072,FALSE
"4676",505.91,534.399041813076,28.489041813076,FALSE
"4679",677.76,596.798884971646,80.9611150283542,FALSE
"4680",641.95,515.831069315065,126.118930684935,FALSE
"4681",556.38,565.277188461961,8.89718846196081,FALSE
"4682",461.57,505.404408956323,43.8344089563229,FALSE
"4684",599.67,515.039106291131,84.6308937088686,FALSE
"4685",353.83,430.165679947728,76.3356799477281,FALSE
"4686",458.29,402.754746831099,55.5352531689012,FALSE
"4688",611.89,509.486644502595,102.403355497405,FALSE
"4689",400.16,457.729811043954,57.5698110439535,FALSE
"4690",593.69,457.601926529005,136.088073470995,FALSE
"4695",383.91,491.834335793855,107.924335793855,FALSE
"4697",334.51,390.01848333794,55.5084833379401,FALSE
"4698",488.38,492.390355696618,4.01035569661832,FALSE
"4700",342.04,434.483477172472,92.443477172472,FALSE
"4701",342.2,484.953511947987,142.753511947987,FALSE
"4704",563.45,492.151211279512,71.2987887204885,FALSE
"4705",540.81,482.017016301133,58.7929836988665,FALSE
"4710",552.24,584.940770354777,32.7007703547765,FALSE
"4711",494.65,544.650847402946,50.0008474029463,FALSE
"4712",578.54,616.162373263739,37.6223732637393,FALSE
"4713",622.47,580.358285689247,42.1117143107527,FALSE
"4714",403.05,510.067497118001,107.017497118001,FALSE
"4716",528.51,528.817347252096,0.30734725209561,FALSE
"4724",597.37,571.170694897076,26.1993051029244,FALSE
"4725",501.88,580.185012741918,78.3050127419179,FALSE
"4727",507.76,526.542408300883,18.7824083008832,FALSE
"4729",518.17,457.977539606671,60.192460393329,FALSE
"4730",443.38,436.388241707337,6.9917582926625,FALSE
"4733",488.19,524.484707364698,36.294707364698,FALSE
"4735",309.18,427.039389147401,117.859389147401,FALSE
"4736",528.51,462.535077586354,65.9749224136465,FALSE
"4737",457,549.255909596269,92.2559095962694,FALSE
"4741",531.16,503.698714775117,27.4612852248825,FALSE
"4751",448.75,551.127174120179,102.377174120179,FALSE
"4752",640.59,541.471417398252,99.118582601748,FALSE
"4753",551.44,578.653203100946,27.2132031009457,FALSE
"4754",607.54,587.943879188155,19.5961208118449,FALSE
"4756",574.49,569.228178820608,5.2618211793922,FALSE
"4758",561.86,609.722584188395,47.8625841883946,FALSE
"4759",490.83,560.784157895283,69.9541578952835,FALSE
"4760",605.55,551.652908324823,53.897091675177,FALSE
"4761",670.41,606.209437264514,64.2005627354856,FALSE
"4762",572.58,558.036244062931,14.5437559370688,FALSE
"4763",635.34,555.678458024221,79.661541975779,FALSE
"4764",576.72,532.386318786069,44.3336812139311,FALSE
"4765",641.62,564.429661779758,77.190338220242,FALSE
"4766",574.09,588.381636340874,14.2916363408741,FALSE
"4767",595.85,571.397193377568,24.4528066224321,FALSE
"4768",461.17,513.111991152072,51.941991152072,FALSE
"4769",508.64,556.534110912015,47.8941109120149,FALSE
"4770",452.83,454.45313000426,1.62313000426042,FALSE
"4772",515.86,558.609931042616,42.7499310426156,FALSE
"4773",576.48,573.886848388755,2.59315161124539,FALSE
"4775",611.89,557.808926176509,54.0810738234914,FALSE
"4777",475.12,423.928108533993,51.1918914660068,FALSE
"4778",507.36,471.145407634192,36.2145923658081,FALSE
"4779",721.77,586.290837062645,135.479162937355,FALSE
"4780",700.56,585.584707981112,114.975292018888,FALSE
"4781",662.71,590.149757165044,72.5602428349562,FALSE
"4782",560.82,584.82054000691,24.0005400069099,FALSE
"4783",504.14,567.317523761442,63.1775237614423,FALSE
"4784",660.39,542.776117125295,117.613882874705,FALSE
"4785",614.61,556.36714887498,58.2428511250203,FALSE
"4786",507.19,553.844679046803,46.6546790468026,FALSE
"4787",539.01,524.927846751899,14.0821532481009,FALSE
"4788",537.73,558.570529650056,20.8405296500563,FALSE
"4789",688.05,589.062794477092,98.9872055229084,FALSE
"4790",577.17,589.003234070374,11.8332340703743,FALSE
"4791",494.28,555.27783291514,60.9978329151397,FALSE
"4793",533.72,558.086933516984,24.3669335169842,FALSE
"4794",587.92,558.086933516984,29.8330664830157,FALSE
"4795",562.74,578.117849343397,15.3778493433966,FALSE
"4796",559.78,553.844679046803,5.93532095319733,FALSE
"4799",441.69,499.878984239958,58.1889842399577,FALSE
"4801",497.28,479.813670395341,17.4663296046592,FALSE
"4802",493.64,492.425532912533,1.21446708746691,FALSE
"4803",500.61,518.150628684495,17.5406286844952,FALSE
"4805",434.04,619.074529404443,185.034529404442,FALSE
"4806",532.79,510.033947954691,22.7560520453089,FALSE
"4807",380.6,489.114117283786,108.514117283786,FALSE
"4808",468.39,463.225561299773,5.16443870022698,FALSE
"4809",636.82,539.971108146715,96.8488918532847,FALSE
"4810",360.64,375.853494370687,15.2134943706866,FALSE
"4813",485.22,484.62803943893,0.591960561069584,FALSE
"4815",561.62,460.768389468454,100.851610531546,FALSE
"4817",542.72,554.48167165267,11.7616716526701,FALSE
"4818",634.23,577.514056585985,56.7159434140154,FALSE
"4819",351.42,473.812494955623,122.392494955623,FALSE
"4820",459.94,555.341563973672,95.4015639736724,FALSE
"4822",382.88,477.5584997023,94.6784997023,FALSE
"4823",419.24,403.718220661086,15.5217793389138,FALSE
"4824",538.11,521.273809358046,16.8361906419537,FALSE
"4827",518.88,564.923229488624,46.0432294886241,FALSE
"4828",546.15,550.708498826415,4.55849882641473,FALSE
"4833",464.22,447.553235409863,16.6667645901369,FALSE
"4834",600.23,549.314677000362,50.915322999638,FALSE
"4835",332.5,419.978390792014,87.4783907920145,FALSE
"4837",461.25,456.158526832207,5.09147316779251,FALSE
"4838",293.54,446.269952720503,152.729952720503,FALSE
"4842",481.94,433.579563872236,48.3604361277636,FALSE
"4843",459.65,465.822363164244,6.17236316424368,FALSE
"4845",485.92,486.672741828651,0.752741828650983,FALSE
"4846",417.04,459.506362373037,42.4663623730372,FALSE
"4848",335.22,576.996508714532,241.776508714532,FALSE
"4850",589.92,549.432197256142,40.4878027438582,FALSE
"4854",582.28,576.122859905501,6.15714009449857,FALSE
"4855",510.64,528.87638326188,18.2363832618804,FALSE
"4856",492.43,503.355236765392,10.9252367653917,FALSE
"4858",438.16,515.391248770054,77.2312487700543,FALSE
"4859",576.69,506.198222687324,70.491777312676,FALSE
"4860",410.27,452.564766950588,42.2947669505883,FALSE
"4861",555.53,454.284551592593,101.245448407407,FALSE
"4863",471.14,465.62753677168,5.51246322831992,FALSE
"4866",457.32,472.15643034003,14.8364303400303,FALSE
"4867",541.68,522.327770762787,19.3522292372127,FALSE
"4868",500.45,520.089791751181,19.6397917511808,FALSE
"4869",595.93,488.301225849794,107.628774150206,FALSE
"4871",523.73,556.359263576889,32.6292635768888,FALSE
"4872",525.31,562.258150555863,36.9481505558635,FALSE
"4873",526.75,447.374300520922,79.3756994790784,FALSE
"4874",524.92,393.87323633032,131.04676366968,FALSE
"4875",496.13,484.333683715976,11.7963162840239,FALSE
"4877",675.86,467.852337780591,208.007662219409,FALSE
"4881",465.26,491.575298116458,26.3152981164584,FALSE
"4882",459.57,470.072187047192,10.5021870471925,FALSE
"4885",654.88,561.889987866375,92.9900121336249,FALSE
"4887",471.22,490.533900333292,19.313900333292,FALSE
"4889",328.86,394.291891048338,65.4318910483378,FALSE
"4892",490.13,501.144585800604,11.0145858006038,FALSE
"4893",613.34,588.049221435641,25.2907785643595,FALSE
"4895",532.86,524.030460784311,8.8295392156889,FALSE
"4896",590.3,531.212916427189,59.0870835728113,FALSE
"4897",348.88,396.06981764099,47.1898176409901,FALSE
"4898",622.55,527.511921706401,95.0380782935989,FALSE
"4903",525.79,547.176042452943,21.3860424529429,FALSE
"4904",553.77,537.116651669453,16.6533483305473,FALSE
"4905",450.67,485.327911997905,34.6579119979049,FALSE
"4906",649.32,538.110096035187,111.209903964813,FALSE
"4907",539.34,523.701423549642,15.6385764503583,FALSE
"4908",474.72,438.108039108735,36.6119608912654,FALSE
"4909",648.05,617.317542925343,30.7324570746566,FALSE
"4910",558.5,565.129103308868,6.6291033088678,FALSE
"4911",598.74,550.396737556996,48.3432624430038,FALSE
"4913",527.3,521.877723847526,5.42227615247418,FALSE
"4914",415.13,472.996479857827,57.8664798578274,FALSE
"4915",555.51,434.156547679073,121.353452320927,FALSE
"4917",405.14,504.749350917478,99.6093509174779,FALSE
"4920",630.1,571.910513560081,58.1894864399189,FALSE
"4923",490.13,535.09235754442,44.9623575444199,FALSE
"4926",517.29,429.31417976016,87.9758202398397,FALSE
"4932",471.85,483.358237520458,11.5082375204585,FALSE
"4933",742.32,553.443778549235,188.876221450765,FALSE
"4934",511.44,552.86156310932,41.4215631093196,FALSE
"4935",446.74,357.285058174286,89.4549418257135,FALSE
"4936",625.73,538.331448526994,87.3985514730059,FALSE
"4937",640.03,543.314580723293,96.7154192767072,FALSE
"4948",508.4,510.060387112318,1.66038711231789,FALSE
"4949",468.31,380.100875895541,88.2091241044586,FALSE
"4950",425.86,421.805376097821,4.05462390217929,FALSE
"4952",411.07,418.12529060546,7.05529060546047,FALSE
"4953",461.85,458.665701039097,3.18429896090305,FALSE
"4954",454.62,475.262041563613,20.6420415636128,FALSE
"4956",468.12,459.376191866441,8.74380813355918,FALSE
"4957",559.08,420.206813280856,138.873186719144,FALSE
"4958",501.8,578.05684147596,76.25684147596,FALSE
"4959",589.92,539.991624629495,49.928375370505,FALSE
"4960",629.76,586.867608312805,42.8923916871945,FALSE
"4961",534.12,435.715577346231,98.4044226537694,FALSE
"4962",504.54,449.35529280473,55.1847071952704,FALSE
"4964",501.96,518.604949014575,16.6449490145752,FALSE
"4965",486.71,520.540096178732,33.8300961787319,FALSE
"4966",386.54,420.113164614913,33.5731646149128,FALSE
"4967",561.7,523.294718384535,38.4052816154655,FALSE
"4968",543.03,560.050228337741,17.0202283377409,FALSE
"4970",582.47,518.757189395412,63.7128106045884,FALSE
"4971",572.98,557.459434401332,15.520565598668,FALSE
"4972",541.82,571.200334042775,29.3803340427746,FALSE
"4973",461.53,488.68459334835,27.1545933483497,FALSE
"4975",397.04,428.285495589775,31.2454955897749,FALSE
"4976",546.95,499.874586975193,47.0754130248073,FALSE
"4979",356.95,423.648043277803,66.6980432778028,FALSE
"4980",440.08,509.810253900755,69.7302539007551,FALSE
"4981",496.64,446.477608586218,50.1623914137815,FALSE
"4982",435.92,489.768514943114,53.8485149431139,FALSE
"4983",544.94,573.323328181063,28.3833281810626,FALSE
"4989",467.8,552.286627840561,84.4866278405606,FALSE
"4991",546.05,588.82112959764,42.7711295976397,FALSE
"4994",571.63,569.427192812856,2.20280718714355,FALSE
"4995",525.4,525.738416942576,0.338416942575577,FALSE
"4996",522.46,553.001288674699,30.5412886746989,FALSE
"4997",392.79,463.053327740167,70.2633277401665,FALSE
"4998",608.25,470.245003180395,138.004996819605,FALSE
"5000",628.51,581.748772436638,46.7612275633622,FALSE
"5001",372.27,494.029188700274,121.759188700274,FALSE
"5002",768.01,597.281808103845,170.728191896155,FALSE
"5004",495.24,547.652792953382,52.4127929533815,FALSE
"5005",518.49,525.707342835591,7.21734283559101,FALSE
"5006",510.86,517.545041129808,6.68504112980816,FALSE
"5007",367.07,425.537126287831,58.4671262878307,FALSE
"5009",450.27,474.342389794003,24.072389794003,FALSE
"5010",379.48,458.305477185144,78.8254771851438,FALSE
"5012",380.6,435.064170814982,54.4641708149818,FALSE
"5014",319.09,386.585113494542,67.4951134945424,FALSE
"5016",374.99,476.488691673456,101.498691673456,FALSE
"5017",476.14,369.480194090754,106.659805909246,FALSE
"5019",543.5,489.754334605592,53.7456653944081,FALSE
"5020",670.61,593.808650415313,76.8013495846866,FALSE
"5021",622.31,563.667566375061,58.6424336249388,FALSE
"5023",473.28,558.650095391742,85.3700953917419,FALSE
"5024",735.91,502.207413962324,233.702586037676,FALSE
"5025",559,548.713564020667,10.2864359793327,FALSE
"5026",465.58,481.982936756112,16.4029367561124,FALSE
"5029",611.91,534.203130508095,77.7068694919053,FALSE
"5030",446.35,517.808787531023,71.4587875310233,FALSE
"5031",539.38,552.520668783673,13.1406687836732,FALSE
"5032",595.62,521.703633844743,73.9163661552567,FALSE
"5033",487.63,480.442059515322,7.18794048467822,FALSE
"5034",475.2,435.208377995853,39.991622004147,FALSE
"5035",464.86,483.809488222123,18.9494882221235,FALSE
"5037",378.68,393.200210686168,14.5202106861681,FALSE
"5038",483.94,529.730928461375,45.7909284613751,FALSE
"5039",415.48,482.485492440875,67.0054924408746,FALSE
"5041",486.59,510.626932325661,24.0369323256608,FALSE
"5042",655.1,571.462901068301,83.6370989316993,FALSE
"5043",467.59,554.674089674318,87.0840896743181,FALSE
"5044",367.79,432.087305763709,64.2973057637092,FALSE
"5045",535.17,546.726222225879,11.5562222258789,FALSE
"5046",529.85,524.205645264042,5.64435473595836,FALSE
"5048",420.21,449.338335278146,29.1283352781462,FALSE
"5049",471.78,519.45534416919,47.6753441691903,FALSE
"5050",393.35,554.492627080914,161.142627080914,FALSE
"5051",509.27,511.755463140115,2.48546314011458,FALSE
"5052",615.96,581.930721972205,34.029278027795,FALSE
"5053",544.15,553.167624997172,9.01762499717165,FALSE
"5054",367.7,452.273968462046,84.5739684620459,FALSE
"5057",420.14,483.806407209896,63.6664072098964,FALSE
"5058",596.81,526.285869589943,70.5241304100571,FALSE
"5059",357.3,465.903330056377,108.603330056377,FALSE
"5060",438.57,561.219437564927,122.649437564927,FALSE
"5061",635.7,459.831630665372,175.868369334628,FALSE
"5063",481.61,463.590933817904,18.019066182096,FALSE
"5064",438.48,450.431907283491,11.951907283491,FALSE
"5066",544.38,461.183395113837,83.1966048861631,FALSE
"5068",440.95,518.715823607237,77.7658236072367,FALSE
"5070",371.79,498.607789318489,126.817789318489,FALSE
"5071",600.47,525.247911053987,75.2220889460126,FALSE
"5072",415.8,516.852284020383,101.052284020383,FALSE
"5073",672.36,585.25706798933,87.1029320106699,FALSE
"5074",441.59,494.005492122054,52.4154921220545,FALSE
"5076",438.48,536.690302048636,98.2103020486364,FALSE
"5080",519.28,519.351086864466,0.0710868644664515,FALSE
"5082",540.49,482.955278262618,57.5347217373817,FALSE
"5083",334.51,408.986323806425,74.4763238064251,FALSE
"5086",491.16,475.271457547321,15.888542452679,FALSE
"5088",448.74,361.744840950583,86.9951590494171,FALSE
"5092",493.07,519.651739307772,26.5817393077722,FALSE
"5093",569.8,551.645717441567,18.1542825584328,FALSE
"5094",453.8,515.884777397881,62.0847773978812,FALSE
"5095",542,541.079229939828,0.920770060171549,FALSE
"5099",432.55,469.20454479465,36.6545447946496,FALSE
"5101",530.08,571.762227856506,41.6822278565055,FALSE
"5105",485.68,588.32845067477,102.64845067477,FALSE
"5107",608.12,555.188607256315,52.9313927436855,FALSE
"5109",511.44,472.488697359575,38.9513026404249,FALSE
"5110",635.78,540.39384527713,95.3861547228699,FALSE
"5111",536.2,540.829150516114,4.62915051611412,FALSE
"5113",500.69,526.59372013682,25.9037201368197,FALSE
"5114",569.48,510.837474665464,58.642525334536,FALSE
"5115",440.89,551.606223104889,110.716223104889,FALSE
"5116",622.31,527.639344848648,94.6706551513521,FALSE
"5118",399.84,486.385815275643,86.5458152756434,FALSE
"5119",533.1,591.300444709616,58.2004447096157,FALSE
"5120",708.67,556.30629046071,152.36370953929,FALSE
"5121",476.97,509.461527931957,32.4915279319565,FALSE
"5122",422.21,526.836659662475,104.626659662475,FALSE
"5124",435.36,451.38098848031,16.0209884803096,FALSE
"5139",372.67,357.234440853987,15.4355591460126,FALSE
"5140",475.44,453.710697238878,21.7293027611223,FALSE
"5141",594.25,541.288496753722,52.9615032462777,FALSE
"5143",580.94,541.288496753722,39.6515032462778,FALSE
"5144",515.55,527.930020667214,12.3800206672138,FALSE
"5145",502.84,572.024570049019,69.1845700490185,FALSE
"5147",532.94,525.559751592189,7.38024840781134,FALSE
"5148",505.3,462.012089091121,43.2879109088793,FALSE
"5149",531.24,514.448756798988,16.7912432010115,FALSE
"5150",439.45,456.343066758254,16.8930667582538,FALSE
"5151",462.29,476.906425102471,14.6164251024707,FALSE
"5152",306.05,377.482700408456,71.4327004084562,FALSE
"5155",572.74,495.912135198319,76.8278648016812,FALSE
"5156",541.02,552.514901125655,11.4949011256551,FALSE
"5159",475.91,585.643155719906,109.733155719906,FALSE
"5162",484.02,555.972551065073,71.9525510650732,FALSE
"5163",393.51,412.458252497048,18.9482524970481,FALSE
"5165",488.78,495.303665433248,6.52366543324803,FALSE
"5167",568.6,479.512717107722,89.0872828922778,FALSE
"5168",423.63,491.805542148923,68.1755421489227,FALSE
"5169",435.15,546.217855582794,111.067855582794,FALSE
"5171",446.2,521.230503656923,75.0305036569233,FALSE
"5172",389.82,466.325596778747,76.5055967787473,FALSE
"5174",364.37,533.471035580924,169.101035580924,FALSE
"5175",430.47,434.799149275806,4.32914927580549,FALSE
"5176",377.96,525.588923396939,147.628923396939,FALSE
"5177",472.97,469.993336669514,2.97666333048647,FALSE
"5178",487.9,486.086884926603,1.813115073397,FALSE
"5185",566.19,487.644934755616,78.5450652443838,FALSE
"5186",451.47,484.338312978256,32.8683129782562,FALSE
"5187",619.85,626.937491265391,7.0874912653909,FALSE
"5188",483.53,534.388191299136,50.858191299136,FALSE
"5189",528.02,552.175619548336,24.1556195483356,FALSE
"5190",435.76,528.524855278195,92.764855278195,FALSE
"5194",525.4,474.687317499917,50.7126825000831,FALSE
"5195",583.35,518.433383932712,64.9166160672879,FALSE
"5197",421.81,518.856366711319,97.0463667113192,FALSE
"5198",496,431.060902187246,64.9390978127541,FALSE
"5200",614.93,533.284886661354,81.6451133386461,FALSE
"5209",533.72,447.457501833754,86.2624981662461,FALSE
"5213",242.64,446.251559958747,203.611559958747,FALSE
"5214",593.05,507.715773234656,85.3342267653438,FALSE
"5215",371.44,500.602810337598,129.162810337598,FALSE
"5216",617.79,540.970610111727,76.8193898882735,FALSE
"5217",426.73,529.969304871483,103.239304871483,FALSE
"5218",638.12,467.727744627643,170.392255372357,FALSE
"5220",414.74,488.679684035052,73.9396840350519,FALSE
"5222",562.18,542.554560423093,19.6254395769072,FALSE
"5223",526.67,600.492337096545,73.8223370965454,FALSE
"5224",582.55,584.98011498265,2.43011498265037,FALSE
"5225",611.91,560.322849911281,51.5871500887195,FALSE
"5226",667.2,566.06299809917,101.13700190083,FALSE
"5227",541.76,548.723227981111,6.96322798111078,FALSE
"5229",465.58,477.180293121863,11.6002931218626,FALSE
"5232",596.34,591.620881705115,4.71911829488545,FALSE
"5233",577.43,544.110889660426,33.3191103395743,FALSE
