".rownames","readingScore","readingScore.predict.All.X.bayesglm","readingScore.predict.All.X.bayesglm.err","readingScore.predict.All.X.bayesglm.accurate"
"3664",355.24,471.982199957729,116.742199957729,FALSE
"3668",453.5,539.767212198814,86.2672121988145,FALSE
"3670",405.13,429.842308579096,24.7123085790957,FALSE
"3671",665.05,498.254403550385,166.795596449615,FALSE
"3672",604.84,564.065799738273,40.7742002617271,FALSE
"3673",626.08,518.492338186842,107.587661813158,FALSE
"3674",525.32,531.203575391948,5.88357539194828,FALSE
"3676",354.63,408.968089898369,54.3380898983686,FALSE
"3677",547.35,538.711591679938,8.63840832006224,FALSE
"3678",571.39,536.253019308836,35.1369806911642,FALSE
"3681",513.84,477.272273390096,36.5677266099039,FALSE
"3683",380.34,403.230677189525,22.8906771895248,FALSE
"3684",467.1,461.080716867295,6.01928313270525,FALSE
"3688",482.5,496.557867153752,14.0578671537517,FALSE
"3689",545.73,518.701001544717,27.0289984552832,FALSE
"3690",516.1,556.775354307407,40.6753543074069,FALSE
"3692",412.67,488.359586899947,75.6895868999472,FALSE
"3697",567.74,498.242677724222,69.497322275778,FALSE
"3698",716.37,566.475161500537,149.894838499463,FALSE
"3702",669.61,537.501085578931,132.108914421069,FALSE
"3703",462.88,469.067966204523,6.18796620452298,FALSE
"3706",473.28,539.316076668739,66.0360766687393,FALSE
"3707",595.62,535.63627823425,59.9837217657503,FALSE
"3708",409.02,476.261479683982,67.2414796839821,FALSE
"3709",550.58,534.683403043569,15.8965969564312,FALSE
"3710",606.43,547.897324450347,58.5326755496528,FALSE
"3711",428.7,530.120712655656,101.420712655656,FALSE
"3712",561.62,529.013922206742,32.6060777932577,FALSE
"3714",623.67,556.065580322886,67.6044196771144,FALSE
"3715",475.92,426.838805628273,49.0811943717268,FALSE
"3717",541.76,521.999574542846,19.7604254571542,FALSE
"3719",336.65,482.454638391131,145.804638391131,FALSE
"3720",694.46,480.705575383641,213.754424616359,FALSE
"3722",534.04,468.007118057321,66.0328819426791,FALSE
"3723",545.5,486.836840592754,58.6631594072462,FALSE
"3725",514.56,536.434832571131,21.8748325711315,FALSE
"3726",498.31,563.661554138398,65.3515541383977,FALSE
"3727",514.64,494.222616886178,20.4173831138218,FALSE
"3728",414.51,428.89128413895,14.3812841389495,FALSE
"3731",356.23,493.474171649168,137.244171649168,FALSE
"3733",510.78,519.451793632366,8.67179363236596,FALSE
"3734",516.26,571.328882460936,55.0688824609365,FALSE
"3735",555.45,547.55721665003,7.89278334997027,FALSE
"3736",624.94,592.744229902984,32.1957700970158,FALSE
"3737",456.36,486.469530348987,30.1095303489871,FALSE
"3738",662.27,587.099088244877,75.1709117551229,FALSE
"3739",626.92,522.859227149473,104.060772850527,FALSE
"3741",547.64,560.087783896598,12.4477838965985,FALSE
"3742",639,540.96783154031,98.0321684596901,FALSE
"3745",450.09,523.01941359331,72.9294135933105,FALSE
"3746",413.07,511.809570419203,98.7395704192033,FALSE
"3747",593.16,506.032201909129,87.127798090871,FALSE
"3748",510.78,528.709901963228,17.929901963228,FALSE
"3749",526.91,470.857650819813,56.0523491801872,FALSE
"3750",521.78,505.230674408569,16.5493255914307,FALSE
"3751",589.52,416.04187440486,173.47812559514,FALSE
"3752",552.17,519.74280926074,32.4271907392603,FALSE
"3754",691.67,528.766336609378,162.903663390622,FALSE
"3756",527.15,541.089851410795,13.9398514107951,FALSE
"3757",433.72,522.633295199096,88.9132951990962,FALSE
"3758",490.67,383.187275862492,107.482724137508,FALSE
"3760",486.07,468.299247913201,17.7707520867988,FALSE
"3762",344.13,485.671876782241,141.541876782241,FALSE
"3770",460.13,447.418474460704,12.7115255392959,FALSE
"3775",378.04,473.530458809139,95.4904588091394,FALSE
"3776",669.34,589.797604358884,79.5423956411159,FALSE
"3778",573.17,457.316086817059,115.853913182941,FALSE
"3779",412.91,439.280937277472,26.3709372774724,FALSE
"3782",610.8,552.002008702784,58.7979912972157,FALSE
"3783",538.13,458.275530570838,79.8544694291616,FALSE
"3784",514.59,508.9464715978,5.64352840219999,FALSE
"3786",417.64,361.595427623534,56.0445723764655,FALSE
"3787",459.94,476.244631027232,16.3046310272318,FALSE
"3788",613.02,546.423233061712,66.5967669382884,FALSE
"3791",551.14,559.31538166126,8.17538166126042,FALSE
"3792",537.89,487.229065458677,50.6609345413229,FALSE
"3793",604.67,547.376809657489,57.2931903425113,FALSE
"3794",510.14,474.54752235703,35.5924776429703,FALSE
"3795",480.97,453.525612013306,27.4443879866937,FALSE
"3801",458.03,490.204369125765,32.1743691257652,FALSE
"3803",497.43,539.242872110817,41.8128721108167,FALSE
"3804",465.34,566.908536881865,101.568536881865,FALSE
"3805",462.21,458.572296740094,3.63770325990617,FALSE
"3807",499.66,550.502770391573,50.8427703915731,FALSE
"3809",503.66,489.184638630768,14.4753613692324,FALSE
"3810",554.01,506.618596447964,47.3914035520364,FALSE
"3811",548.31,569.958513093559,21.6485130935588,FALSE
"3812",551.29,574.549678696165,23.2596786961648,FALSE
"3813",541.02,467.157437288115,73.8625627118845,FALSE
"3816",412.59,504.852316695666,92.2623166956656,FALSE
"3817",406.5,576.227561261579,169.727561261579,FALSE
"3818",500.53,541.364110226563,40.8341102265625,FALSE
"3820",399.72,426.339301116349,26.6193011163494,FALSE
"3822",576.37,528.405988265246,47.9640117347543,FALSE
"3823",440.73,568.742238638895,128.012238638895,FALSE
"3824",535.57,568.732407565451,33.162407565451,FALSE
"3825",417.28,486.44703032845,69.1670303284495,FALSE
"3830",508.95,544.729329348352,35.7793293483521,FALSE
"3831",639.39,565.155441285367,74.2345587146334,FALSE
"3832",432.93,493.63997066329,60.7099706632904,FALSE
"3835",677.13,527.448146318124,149.681853681876,FALSE
"3839",592.84,563.025408621732,29.8145913782679,FALSE
"3840",605.15,512.372563277784,92.7774367222156,FALSE
"3841",685.79,573.735840794317,112.054159205683,FALSE
"3842",592.84,540.242218879425,52.5977811205747,FALSE
"3843",620.71,500.47103104175,120.23896895825,FALSE
"3844",539.34,544.085845015447,4.74584501544734,FALSE
"3845",461.61,418.95982194407,42.6501780559301,FALSE
"3846",482.82,547.750850132055,64.930850132055,FALSE
"3847",545.03,555.480462364922,10.4504623649217,FALSE
"3848",574.05,555.433050128992,18.6169498710084,FALSE
"3849",522.1,497.876871649073,24.2231283509267,FALSE
"3850",664.66,595.539016507496,69.1209834925036,FALSE
"3851",661.16,630.405750277401,30.7542497225986,FALSE
"3854",482.82,579.876651737268,97.0566517372676,FALSE
"3855",598.58,558.372734195464,40.2072658045365,FALSE
"3856",546.53,569.272387525916,22.7423875259155,FALSE
"3857",399.52,433.894887833382,34.3748878333819,FALSE
"3860",437.36,503.659746721484,66.2997467214842,FALSE
"3861",399.41,439.727252764357,40.3172527643572,FALSE
"3862",473.92,520.003202185689,46.0832021856895,FALSE
"3863",466.7,424.736630530927,41.9633694690729,FALSE
"3865",688.17,583.641691240267,104.528308759733,FALSE
"3867",624.79,563.058268548652,61.7317314513476,FALSE
"3868",467.09,514.349337433675,47.2593374336755,FALSE
"3871",602.14,575.286246048242,26.8537539517575,FALSE
"3872",626.4,595.161591209373,31.2384087906272,FALSE
"3874",559.16,601.94609058456,42.7860905845602,FALSE
"3875",631.37,638.312172764404,6.94217276440361,FALSE
"3876",561.78,568.815337236816,7.03533723681585,FALSE
"3877",687.3,607.198707601682,80.1012923983175,FALSE
"3878",505.22,574.724434150801,69.5044341508013,FALSE
"3879",551.53,567.44978432695,15.9197843269504,FALSE
"3880",617.42,556.702244230047,60.7177557699531,FALSE
"3881",558.17,509.230350095359,48.9396499046409,FALSE
"3882",589.98,606.77187639121,16.7918763912096,FALSE
"3893",670.17,495.256399326268,174.913600673732,FALSE
"3894",576.85,528.007865573878,48.8421344261222,FALSE
"3895",594.11,507.415718015834,86.6942819841661,FALSE
"3897",673.08,526.23190927224,146.84809072776,FALSE
"3898",582.14,493.995981755987,88.1440182440132,FALSE
"3900",587.36,552.310272321167,35.0497276788326,FALSE
"3901",586.47,595.75336986874,9.28336986874046,FALSE
"3902",428.78,515.785977896924,87.0059778969239,FALSE
"3903",599.2,577.235121869712,21.9648781302881,FALSE
"3905",504.78,494.249768551298,10.5302314487024,FALSE
"3907",485.62,506.658667885995,21.0386678859954,FALSE
"3908",505.06,542.957059634744,37.8970596347444,FALSE
"3909",670.41,546.184348589549,124.225651410451,FALSE
"3910",527.7,594.590683584948,66.8906835849481,FALSE
"3911",674.82,493.833108805242,180.986891194758,FALSE
"3912",616.46,553.250168940097,63.2098310599026,FALSE
"3913",389.42,540.198503588449,150.778503588449,FALSE
"3914",497.57,432.500173490281,65.0698265097193,FALSE
"3916",363.29,455.419776600781,92.1297766007811,FALSE
"3917",652.82,585.08925296505,67.7307470349504,FALSE
"3918",545.43,486.272821507164,59.1571784928359,FALSE
"3919",533.82,434.355486338451,99.4645136615493,FALSE
"3920",463.59,562.23840495985,98.6484049598504,FALSE
"3921",443.26,456.18716662507,12.9271666250696,FALSE
"3923",512.21,534.509792090272,22.2997920902724,FALSE
"3924",486.34,471.346338835318,14.9936611646818,FALSE
"3925",588.64,488.702667872852,99.9373321271478,FALSE
"3927",615.64,572.826889855551,42.8131101444493,FALSE
"3929",561.38,508.659210356069,52.7207896439306,FALSE
"3930",442.38,555.680880665654,113.300880665654,FALSE
"3933",547.64,553.093554685948,5.45355468594767,FALSE
"3936",496,517.290884121894,21.2908841218945,FALSE
"3937",534.12,504.58286472247,29.5371352775301,FALSE
"3938",593.85,540.15258021542,53.6974197845805,FALSE
"3939",561.62,472.097440975375,89.5225590246246,FALSE
"3942",459.06,470.00777782128,10.9477778212802,FALSE
"3943",439.85,436.638903984485,3.21109601551518,FALSE
"3945",437.92,554.415550695752,116.495550695752,FALSE
"3947",527.23,470.429691229984,56.8003087700156,FALSE
"3948",592.13,506.929902594154,85.2000974058462,FALSE
"3949",530.36,451.186906382662,79.1730936173377,FALSE
"3950",357.6,383.576776735689,25.9767767356893,FALSE
"3951",438.48,413.184796089307,25.2952039106929,FALSE
"3952",518.41,531.955787372035,13.5457873720349,FALSE
"3956",504.19,492.016687499836,12.1733125001641,FALSE
"3959",391.27,412.43078006122,21.1607800612201,FALSE
"3963",520.42,578.910329105554,58.4903291055541,FALSE
"3964",422.93,440.936078232923,18.0060782329231,FALSE
"3965",588.08,580.197881558074,7.88211844192563,FALSE
"3967",413.31,477.585218436967,64.2752184369667,FALSE
"3968",540.3,550.705687488968,10.4056874889685,FALSE
"3969",523.7,473.773684409913,49.9263155900874,FALSE
"3971",633.2,576.954811808619,56.2451881913814,FALSE
"3972",482.26,613.012832933274,130.752832933274,FALSE
"3975",690.45,515.038889356099,175.411110643901,FALSE
"3976",590.06,547.481880419055,42.5781195809448,FALSE
"3977",625.02,535.359227718457,89.6607722815428,FALSE
"3978",496,512.732699133264,16.7326991332638,FALSE
"3979",444.9,433.157863517223,11.7421364827767,FALSE
"3982",622.95,551.564606468798,71.3853935312021,FALSE
"3984",635.7,526.010883260457,109.689116739543,FALSE
"3985",504.86,503.744664486615,1.11533551338471,FALSE
"3986",624.62,519.774917410023,104.845082589977,FALSE
"3987",423.4,575.718638265609,152.318638265609,FALSE
"3988",517.69,524.614303583123,6.92430358312288,FALSE
"3990",370.98,488.054005412062,117.074005412062,FALSE
"3991",573.73,449.435251762792,124.294748237208,FALSE
"3992",569.4,535.445476084529,33.9545239154712,FALSE
"3993",562.34,562.995419378886,0.655419378885995,FALSE
"3994",505.78,552.987921947456,47.2079219474565,FALSE
"3995",573.54,604.239747862506,30.6997478625055,FALSE
"3996",602.37,535.37868513816,66.9913148618401,FALSE
"3997",558.09,538.175586733289,19.9144132667113,FALSE
"3998",438.24,413.656471971343,24.5835280286573,FALSE
"3999",441.43,493.564989965541,52.1349899655406,FALSE
"4000",462.62,399.73182546932,62.88817453068,FALSE
"4002",471.19,572.668944501444,101.478944501444,FALSE
"4007",444.05,522.569518047899,78.519518047899,FALSE
"4008",529.61,584.838084791032,55.228084791032,FALSE
"4010",378.28,506.71989922109,128.43989922109,FALSE
"4011",505.75,529.386886231465,23.6368862314649,FALSE
"4014",679.27,555.897837180481,123.372162819519,FALSE
"4015",568.69,553.870348490505,14.8196515094954,FALSE
"4016",603.79,538.857134396968,64.9328656030323,FALSE
"4017",533.08,479.383493899429,53.6965061005711,FALSE
"4019",483.7,452.424139860745,31.275860139255,FALSE
"4020",508.07,507.548077834858,0.521922165141632,FALSE
"4021",429.04,530.132406475613,101.092406475613,FALSE
"4022",449.23,456.106822013139,6.87682201313913,FALSE
"4023",406.42,504.006752840058,97.5867528400575,FALSE
"4025",497.81,500.218964262249,2.40896426224936,FALSE
"4027",432.93,572.787454313489,139.857454313489,FALSE
"4028",435.23,524.031240277417,88.801240277417,FALSE
"4029",646.31,503.770558565507,142.539441434493,FALSE
"4030",370.25,561.725792157391,191.475792157391,FALSE
"4031",366.04,454.071058854302,88.0310588543015,FALSE
"4032",427.21,500.280330824029,73.0703308240286,FALSE
"4033",352.95,508.075945310341,155.125945310341,FALSE
"4035",378.04,579.144948570644,201.104948570644,FALSE
"4036",525.32,510.90587916198,14.4141208380198,FALSE
"4037",707.08,587.934912631771,119.145087368229,FALSE
"4038",606.66,539.743078264523,66.9169217354769,FALSE
"4040",574.93,541.491271491075,33.4387285089246,FALSE
"4041",524.1,512.721158859212,11.3788411407879,FALSE
"4042",484.02,437.680582798702,46.3394172012984,FALSE
"4044",456.44,539.859653031019,83.4196530310193,FALSE
"4046",647.96,575.353580573442,72.6064194265576,FALSE
"4047",467.02,531.074907791376,64.0549077913764,FALSE
"4048",631.53,539.683940133874,91.8460598661263,FALSE
"4049",546.77,557.499969221042,10.7299692210422,FALSE
"4050",530.48,560.28523092188,29.80523092188,FALSE
"4052",597.78,587.804521614258,9.97547838574235,FALSE
"4054",500.94,555.707210088309,54.7672100883091,FALSE
"4055",589.68,526.620669953916,63.0593300460841,FALSE
"4056",560.58,541.763959146224,18.8160408537758,FALSE
"4058",424.22,478.853888301016,54.6338883010156,FALSE
"4060",529.07,515.439305071098,13.6306949289025,FALSE
"4062",569.4,543.145402073776,26.2545979262238,FALSE
"4064",509.11,593.628365892187,84.5183658921866,FALSE
"4069",740.44,509.00111243681,231.43888756319,FALSE
"4070",649.24,589.474894495039,59.7651055049613,FALSE
"4071",353.33,475.737939231032,122.407939231032,FALSE
"4072",551.06,467.643784781116,83.4162152188837,FALSE
"4073",485.22,524.282255556043,39.0622555560433,FALSE
"4075",645.51,559.434823665975,86.0751763340251,FALSE
"4078",657.5,540.914326700474,116.585673299526,FALSE
"4079",442.33,483.367227825278,41.0372278252783,FALSE
"4080",727.57,570.884265082298,156.685734917702,FALSE
"4081",606.19,544.766736283409,61.4232637165908,FALSE
"4082",544.95,576.307746574912,31.3577465749119,FALSE
"4084",450.25,551.788178035093,101.538178035093,FALSE
"4085",506.87,535.275697189023,28.4056971890229,FALSE
"4086",562.82,520.275132010094,42.5448679899057,FALSE
"4087",545.59,536.955205308837,8.63479469116305,FALSE
"4088",517.29,510.488260625797,6.80173937420335,FALSE
"4089",709.06,536.797238046367,172.262761953633,FALSE
"4091",440.87,521.511227668474,80.6412276684744,FALSE
"4092",550.08,542.281342238157,7.79865776184272,FALSE
"4093",499.58,527.896152920375,28.3161529203748,FALSE
"4094",377.48,380.611360634621,3.13136063462122,FALSE
"4095",517.53,499.356658098881,18.1733419011189,FALSE
"4103",568.2,520.333616062239,47.8663839377613,FALSE
"4104",493.64,476.384266602653,17.2557333973475,FALSE
"4105",512.24,456.275331749318,55.9646682506818,FALSE
"4106",562.97,570.373139233473,7.40313923347333,FALSE
"4107",482.9,550.436023820575,67.5360238205753,FALSE
"4108",682.11,554.776655747543,127.333344252457,FALSE
"4110",675.3,563.486117282907,111.813882717093,FALSE
"4111",545.18,502.240444085739,42.939555914261,FALSE
"4112",557.69,588.019809761875,30.3298097618748,FALSE
"4113",345.65,494.351233047385,148.701233047385,FALSE
"4114",515.31,575.185052661344,59.8750526613444,FALSE
"4115",514.51,562.321989688749,47.8119896887486,FALSE
"4117",400.57,502.373993365179,101.803993365179,FALSE
"4118",526.67,496.712917978489,29.9570820215114,FALSE
"4119",598.01,500.362422368014,97.6475776319857,FALSE
"4120",565.44,555.288285504845,10.151714495155,FALSE
"4122",467.26,500.445651209287,33.185651209287,FALSE
"4124",581.8,527.569655754298,54.2303442457019,FALSE
"4125",636.22,598.854374295299,37.3656257047012,FALSE
"4126",476.16,399.647833420068,76.5121665799322,FALSE
"4129",708.11,597.040336499412,111.069663500588,FALSE
"4130",551.28,521.551763339259,29.7282366607409,FALSE
"4131",540.81,586.491245727739,45.6812457277395,FALSE
"4132",644.27,527.39347219459,116.87652780541,FALSE
"4135",575.01,524.145330960787,50.864669039213,FALSE
"4136",715.1,541.353176091229,173.746823908771,FALSE
"4139",494.44,457.788479789192,36.6515202108079,FALSE
"4140",579.73,578.638299911383,1.09170008861713,FALSE
"4141",499.02,452.906932718768,46.1130672812321,FALSE
"4142",473.21,418.0533277307,55.1566722692996,FALSE
"4143",479.37,458.739013056649,20.6309869433508,FALSE
"4145",595.61,453.021562820035,142.588437179965,FALSE
"4146",544.62,581.958505539923,37.3385055399232,FALSE
"4147",581.74,582.729930411505,0.989930411504929,FALSE
"4148",473.76,545.285099939152,71.5250999391523,FALSE
"4149",535.81,573.850269605641,38.0402696056411,FALSE
"4151",452.83,460.400176724177,7.57017672417709,FALSE
"4152",585.67,492.208931728396,93.4610682716041,FALSE
"4163",530.52,537.156380063324,6.63638006332428,FALSE
"4165",518.65,562.7950450948,44.1450450948001,FALSE
"4167",579.73,510.170370699725,69.5596293002752,FALSE
"4168",477.05,477.182507804007,0.132507804007275,FALSE
"4169",516.98,524.981073092859,8.00107309285943,FALSE
"4170",524.05,590.783848197593,66.7338481975929,FALSE
"4171",490.76,567.500555345656,76.7405553456557,FALSE
"4172",584.66,588.528169409042,3.86816940904157,FALSE
"4173",525.15,529.450372120486,4.30037212048626,FALSE
"4175",451.99,449.152171484159,2.83782851584147,FALSE
"4176",370.41,418.163020596054,47.7530205960537,FALSE
"4179",545.75,475.684676343036,70.065323656964,FALSE
"4180",314.33,445.740417259578,131.410417259578,FALSE
"4181",586.15,542.183719304186,43.9662806958136,FALSE
"4182",330.1,361.789808514281,31.6898085142806,FALSE
"4186",438.57,473.295239842911,34.7252398429105,FALSE
"4190",554.81,438.468929681682,116.341070318318,FALSE
"4192",454.14,458.401422894134,4.2614228941336,FALSE
"4193",431.11,476.995145905554,45.8851459055541,FALSE
"4195",416.25,508.242538328904,91.992538328904,FALSE
"4196",469.47,514.010205559822,44.5402055598215,FALSE
"4197",665.12,577.612038452202,87.5079615477985,FALSE
"4198",506.65,528.882500246062,22.2325002460617,FALSE
"4199",511.1,578.949151099614,67.8491510996143,FALSE
"4200",479.53,426.408698805837,53.1213011941632,FALSE
"4202",385.9,523.752202492179,137.852202492179,FALSE
"4203",444.58,493.527241138679,48.9472411386794,FALSE
"4207",490.68,500.469852170191,9.7898521701909,FALSE
"4208",622.16,535.806614702591,86.3533852974093,FALSE
"4209",580.38,523.292200568636,57.0877994313637,FALSE
"4210",517.69,579.430829947324,61.7408299473241,FALSE
"4211",366.2,567.336924076993,201.136924076993,FALSE
"4213",584.63,531.038917257084,53.5910827429161,FALSE
"4214",561.46,529.602584802967,31.8574151970334,FALSE
"4216",495.16,520.514334616462,25.3543346164623,FALSE
"4217",444.18,518.198524817347,74.0185248173474,FALSE
"4218",597.85,527.897612710191,69.9523872898093,FALSE
"4219",522.9,522.603051146274,0.296948853726008,FALSE
"4221",527.71,546.471090711141,18.7610907111408,FALSE
"4222",430.47,564.119603609273,133.649603609273,FALSE
"4225",415.45,528.421124632882,112.971124632882,FALSE
"4226",462.7,568.494552116155,105.794552116155,FALSE
"4227",458.83,554.409058768646,95.579058768646,FALSE
"4228",625.52,557.039254321115,68.4807456788845,FALSE
"4229",474.56,487.030440464494,12.4704404644941,FALSE
"4231",511.76,510.788718329426,0.971281670574001,FALSE
"4232",451.31,583.266039295254,131.956039295254,FALSE
"4235",383.41,423.029525263373,39.6195252633732,FALSE
"4239",474.48,543.331442659194,68.8514426591939,FALSE
"4240",491.48,456.717490608408,34.7625093915916,FALSE
"4241",574.33,457.448201597426,116.881798402574,FALSE
"4242",489.09,519.136805744465,30.0468057444654,FALSE
"4243",314.95,444.393959305332,129.443959305332,FALSE
"4245",475.83,584.122385918453,108.292385918453,FALSE
"4246",627.36,501.88749844592,125.47250155408,FALSE
"4247",534.61,504.943596216845,29.6664037831547,FALSE
"4248",614.21,540.758374090798,73.4516259092018,FALSE
"4249",425.66,457.570033958545,31.9100339585447,FALSE
"4251",607.22,589.980028076659,17.2399719233415,FALSE
"4252",541.18,511.270851085798,29.909148914202,FALSE
"4253",535.88,622.735494378069,86.8554943780686,FALSE
"4256",441.67,423.920338544936,17.7496614550641,FALSE
"4257",595.45,544.915875398936,50.534124601064,FALSE
"4258",360.16,421.426106671989,61.266106671989,FALSE
"4259",419.27,562.494681553998,143.224681553998,FALSE
"4260",537.63,546.875354831062,9.24535483106217,FALSE
"4261",397.74,506.504436542074,108.764436542074,FALSE
"4262",675.94,508.027316790642,167.912683209358,FALSE
"4264",595.61,550.091230403134,45.5187695968656,FALSE
"4265",581.74,574.700565257394,7.03943474260643,FALSE
"4266",637.62,612.640927742172,24.9790722578282,FALSE
"4267",615.49,572.013670301881,43.4763296981191,FALSE
"4268",602.59,556.733770746581,45.8562292534189,FALSE
"4269",510.39,557.066844680819,46.6768446808188,FALSE
"4270",678.43,556.805881791724,121.624118208276,FALSE
"4272",474.4,597.332538477626,122.932538477626,FALSE
"4273",515.37,475.736598050376,39.6334019496243,FALSE
"4275",352.14,511.503793926022,159.363793926022,FALSE
"4279",597.13,565.546426116758,31.5835738832423,FALSE
"4280",507.6,526.555732449498,18.9557324494982,FALSE
"4281",541.84,511.278947317291,30.5610526827094,FALSE
"4283",498.63,451.368477235845,47.2615227641548,FALSE
"4285",602.67,560.935356897193,41.7346431028067,FALSE
"4286",415.48,353.735469616049,61.7445303839513,FALSE
"4287",462.08,489.28432726746,27.2043272674601,FALSE
"4288",583.31,544.670888081495,38.6391119185051,FALSE
"4290",399.84,503.576481236896,103.736481236896,FALSE
"4291",387.41,473.363956366008,85.9539563660077,FALSE
"4294",672.33,547.597203818138,124.732796181862,FALSE
"4295",416.33,407.558335104332,8.77166489566844,FALSE
"4296",609.92,481.244063066864,128.675936933136,FALSE
"4297",448.5,474.453137706659,25.9531377066588,FALSE
"4298",554.73,393.619280006049,161.110719993951,FALSE
"4300",490.59,511.535435552794,20.9454355527938,FALSE
"4302",501.34,512.53334228164,11.1933422816399,FALSE
"4303",564.35,583.094078969836,18.7440789698358,FALSE
"4304",477.21,540.996418694207,63.7864186942074,FALSE
"4305",526.43,450.399324624478,76.0306753755215,FALSE
"4307",598.64,571.413350743488,27.226649256512,FALSE
"4309",588.24,526.510437131549,61.7295628684511,FALSE
"4311",634.81,491.620329180868,143.189670819132,FALSE
"4312",697.15,574.109452153868,123.040547846132,FALSE
"4321",433.92,489.810337379148,55.8903373791477,FALSE
"4323",413.39,511.451375636607,98.0613756366069,FALSE
"4324",542.79,524.220522960821,18.569477039179,FALSE
"4326",488.78,496.394471518915,7.6144715189152,FALSE
"4327",496.56,501.453387443829,4.8933874438286,FALSE
"4329",427.92,527.665841021875,99.7458410218749,FALSE
"4330",480.81,574.343465663859,93.5334656638593,FALSE
"4331",424.51,424.843241709346,0.333241709345884,FALSE
"4332",471.14,490.3990402529,19.2590402528998,FALSE
"4334",472.41,482.424847444174,10.0148474441742,FALSE
"4335",506.57,492.691750281163,13.8782497188369,FALSE
"4336",463.9,470.770247881056,6.87024788105577,FALSE
"4337",499.41,463.604464802766,35.8055351972341,FALSE
"4338",298.91,376.972595414448,78.0625954144484,FALSE
"4341",496.45,460.344206878913,36.1057931210866,FALSE
"4342",565.67,544.842629945681,20.8273700543194,FALSE
"4344",537.63,469.005105460927,68.6248945390727,FALSE
"4345",566.11,490.586604741614,75.523395258386,FALSE
"4346",560.34,510.75596255562,49.58403744438,FALSE
"4347",379.55,494.397354143625,114.847354143625,FALSE
"4348",533.02,497.885408123393,35.1345918766072,FALSE
"4349",542.14,525.346832972686,16.7931670273135,FALSE
"4351",522.54,517.608013480968,4.93198651903151,FALSE
"4354",393.92,535.910693601927,141.990693601927,FALSE
"4356",537,542.492843064052,5.49284306405229,FALSE
"4358",496.21,443.136781392842,53.0732186071579,FALSE
"4360",377.64,475.717864396732,98.0778643967319,FALSE
"4362",555.9,535.638890322557,20.261109677443,FALSE
"4364",497.09,515.98556199385,18.8955619938498,FALSE
"4365",445.64,525.023034925619,79.3830349256193,FALSE
"4368",477.42,476.767356357873,0.652643642126861,FALSE
"4370",454.36,563.570640926311,109.210640926311,FALSE
"4371",506.25,556.418910721704,50.1689107217036,FALSE
"4372",408.86,510.984814619131,102.124814619131,FALSE
"4373",423.95,556.149849102782,132.199849102782,FALSE
"4375",523.78,510.005701539349,13.7742984606513,FALSE
"4378",546.61,555.75613798915,9.14613798915036,FALSE
"4379",593.69,415.412220335568,178.277779664432,FALSE
"4380",524.58,498.310944290561,26.2690557094394,FALSE
"4382",454.14,476.842166938704,22.7021669387041,FALSE
"4383",429.03,467.950827587459,38.9208275874594,FALSE
"4384",528.43,537.215397823364,8.78539782336372,FALSE
"4386",489.09,515.258274500021,26.1682745000209,FALSE
"4388",574.53,439.092455793866,135.437544206134,FALSE
"4389",327.29,494.858808117534,167.568808117534,FALSE
"4390",608.2,571.490811103345,36.7091888966551,FALSE
"4391",467.09,612.635553890525,145.545553890525,FALSE
"4393",435.12,502.287053670995,67.1670536709948,FALSE
"4394",531.56,554.490046149647,22.9300461496467,FALSE
"4395",342.85,482.87548929329,140.02548929329,FALSE
"4396",303.24,510.735059629725,207.495059629725,FALSE
"4397",549.79,569.846079062891,20.0560790628908,FALSE
"4398",621.03,583.831470663215,37.1985293367853,FALSE
"4399",482.82,542.768249996866,59.948249996866,FALSE
"4400",465.5,541.35402365948,75.85402365948,FALSE
"4401",392.23,489.718431202545,97.4884312025446,FALSE
"4403",532.07,561.971528507725,29.9015285077245,FALSE
"4404",359.69,523.530983837694,163.840983837694,FALSE
"4405",509.83,504.148417727598,5.68158227240235,FALSE
"4406",560.9,501.50257189787,59.3974281021303,FALSE
"4408",507.19,535.740223681571,28.5502236815715,FALSE
"4409",454.6,506.490464230655,51.890464230655,FALSE
"4410",682.03,538.953524762283,143.076475237717,FALSE
"4411",543.35,472.122298894316,71.2277011056838,FALSE
"4412",551.61,552.29300520908,0.683005209079965,FALSE
"4413",398.72,512.320274360722,113.600274360722,FALSE
"4414",555.21,513.97498440745,41.2350155925503,FALSE
"4416",594.25,500.422876894328,93.8271231056719,FALSE
"4417",603.65,534.57643230257,69.0735676974302,FALSE
"4418",673.79,540.741794654436,133.048205345564,FALSE
"4419",534.77,555.274836580526,20.5048365805258,FALSE
"4420",638.6,587.69589597585,50.9041040241495,FALSE
"4421",523.33,576.144316602455,52.8143166024548,FALSE
"4424",625.81,597.43440279363,28.3755972063697,FALSE
"4425",544.31,566.682158238147,22.3721582381468,FALSE
"4426",540.06,518.191392715152,21.8686072848477,FALSE
"4427",554.41,535.887624584994,18.5223754150061,FALSE
"4428",658.7,534.890320069772,123.809679930228,FALSE
"4429",454.2,521.235077065906,67.0350770659057,FALSE
"4432",486.79,490.784398723924,3.99439872392372,FALSE
"4433",470.79,468.861778694637,1.92822130536348,FALSE
"4435",480.17,420.708597047104,59.461402952896,FALSE
"4438",414.5,421.989358996122,7.48935899612189,FALSE
"4440",511.42,525.090310864011,13.6703108640109,FALSE
"4442",601.98,563.38858667342,38.5914133265802,FALSE
"4443",652.53,520.709823876136,131.820176123864,FALSE
"4444",581.98,512.072254918211,69.9077450817894,FALSE
"4445",636.53,542.69107070116,93.8389292988404,FALSE
"4446",581.42,512.215610798169,69.2043892018311,FALSE
"4460",475.59,558.036217559267,82.4462175592672,FALSE
"4462",415.72,409.059168016765,6.66083198323531,FALSE
"4463",605.55,565.994778783611,39.5552212163891,FALSE
"4470",511.73,469.31799756715,42.4120024328502,FALSE
"4471",419.32,449.778560787889,30.4585607878886,FALSE
"4472",434.4,482.246396697896,47.8463966978964,FALSE
"4473",251.21,443.478196568108,192.268196568108,FALSE
"4477",405.76,436.342196352696,30.5821963526963,FALSE
"4478",448.19,427.566231505716,20.623768494284,FALSE
"4479",445.88,562.830720933641,116.950720933641,FALSE
"4480",339.35,559.808700734578,220.458700734578,FALSE
"4481",450.25,543.345319103053,93.0953191030529,FALSE
"4482",512.61,399.322287816558,113.287712183442,FALSE
"4483",372.79,547.306497364097,174.516497364097,FALSE
"4484",351.66,463.301804037493,111.641804037493,FALSE
"4485",476.38,534.752916662977,58.3729166629765,FALSE
"4486",559.38,520.546779052881,38.833220947119,FALSE
"4488",565.87,516.048052030917,49.8219479690828,FALSE
"4490",518.41,527.077298753227,8.66729875322733,FALSE
"4492",517.14,525.623726834984,8.48372683498371,FALSE
"4495",675.3,564.403640155379,110.896359844621,FALSE
"4496",500.45,594.090580990125,93.6405809901254,FALSE
"4497",553.12,582.776930439383,29.6569304393831,FALSE
"4499",547.27,545.750526487378,1.51947351262231,FALSE
"4501",487.15,548.221314809309,61.0713148093093,FALSE
"4502",611.35,545.091144203609,66.2588557963909,FALSE
"4503",538.43,556.170492144571,17.7404921445715,FALSE
"4505",490.76,530.249864925388,39.4898649253884,FALSE
"4508",377.88,409.481342690991,31.6013426909914,FALSE
"4509",646.78,566.908527708138,79.8714722918621,FALSE
"4510",457.79,548.146378397834,90.3563783978337,FALSE
"4511",506.15,437.759686408902,68.3903135910984,FALSE
"4512",347.74,503.437802562952,155.697802562952,FALSE
"4513",529.96,551.349354617711,21.3893546177111,FALSE
"4514",515.07,463.561541227106,51.5084587728942,FALSE
"4516",494.36,474.19124781277,20.1687521872305,FALSE
"4517",462.16,567.20862839762,105.04862839762,FALSE
"4518",585.11,499.372459944264,85.7375400557358,FALSE
"4519",500.93,562.445068250139,61.5150682501387,FALSE
"4521",483.46,461.808626866395,21.6513731336045,FALSE
"4522",594.57,548.008399687371,46.5616003126294,FALSE
"4523",677.62,552.795178574331,124.824821425669,FALSE
"4524",514.8,536.624561873277,21.8245618732772,FALSE
"4525",668.55,562.193192095724,106.356807904276,FALSE
"4526",505.67,479.943730297713,25.7262697022869,FALSE
"4528",611.89,513.778653100126,98.1113468998744,FALSE
"4529",509.67,565.238396223785,55.5683962237846,FALSE
"4530",462.78,406.720174592621,56.0598254073789,FALSE
"4531",355.71,466.852924846209,111.142924846209,FALSE
"4533",423.25,427.534830345537,4.28483034553688,FALSE
"4535",590.46,526.988733833753,63.4712661662471,FALSE
"4536",530.4,452.100029052963,78.2999709470366,FALSE
"4537",572.66,540.298296499997,32.361703500003,FALSE
"4539",524.26,544.090605663961,19.8306056639613,FALSE
"4540",482.9,548.399128060555,65.4991280605554,FALSE
"4541",666.48,594.799016384056,71.6809836159435,FALSE
"4542",609.05,572.025881254289,37.0241187457107,FALSE
"4543",534.06,559.087971697554,25.0279716975538,FALSE
"4544",562.65,593.331936030246,30.6819360302455,FALSE
"4545",317.59,511.690643031361,194.100643031361,FALSE
"4546",448.75,562.179184298485,113.429184298485,FALSE
"4547",622.55,587.325891260263,35.2241087397368,FALSE
"4548",535.41,610.193324595293,74.7833245952934,FALSE
"4550",491.07,543.295670433834,52.225670433834,FALSE
"4551",581.16,594.936421832157,13.776421832157,FALSE
"4552",662.83,558.202632713556,104.627367286444,FALSE
"4553",736.23,584.209730885224,152.020269114776,FALSE
"4554",376.44,454.600219857998,78.160219857998,FALSE
"4555",707.79,526.200707347421,181.589292652579,FALSE
"4556",640.03,571.084631073138,68.945368926862,FALSE
"4557",413.55,453.361699233095,39.8116992330951,FALSE
"4559",581.48,540.849010469901,40.630989530099,FALSE
"4560",560.98,535.421253034788,25.5587469652121,FALSE
"4561",505.14,548.054305711098,42.9143057110979,FALSE
"4562",632.01,515.420677744596,116.589322255404,FALSE
"4563",380.34,464.694563629836,84.3545636298358,FALSE
"4565",600.26,464.721713034322,135.538286965678,FALSE
"4568",530.44,501.923514125603,28.5164858743968,FALSE
"4569",611.59,563.205058626286,48.384941373714,FALSE
"4570",589.19,562.693096374856,26.4969036251438,FALSE
"4572",645.48,515.33650861189,130.14349138811,FALSE
"4574",644.24,530.297148567228,113.942851432772,FALSE
"4578",541.18,511.956852993759,29.2231470062406,FALSE
"4579",514.4,501.973946063583,12.4260539364165,FALSE
"4580",420.69,465.948698065726,45.2586980657256,FALSE
"4584",564.96,554.424440621508,10.5355593784925,FALSE
"4585",511.57,495.284198159686,16.2858018403139,FALSE
"4586",554.79,557.184610163769,2.39461016376868,FALSE
"4587",500.69,526.044163170863,25.3541631708627,FALSE
"4588",499.42,569.687304577508,70.2673045775084,FALSE
"4589",534.12,502.575420766786,31.5445792332138,FALSE
"4590",519.93,541.107304932476,21.1773049324762,FALSE
"4592",590.46,588.945168353384,1.51483164661579,FALSE
"4593",528.99,511.619662553238,17.3703374467619,FALSE
"4594",611.81,508.89058890607,102.91941109393,FALSE
"4599",476.46,561.904653803198,85.444653803198,FALSE
"4600",772.46,519.381503155602,253.078496844398,FALSE
"4601",598.9,573.948448098043,24.9515519019568,FALSE
"4602",647.74,540.750672643655,106.989327356345,FALSE
"4603",582.63,579.317769624581,3.31223037541872,FALSE
"4604",575.73,564.167205172237,11.5627948277626,FALSE
"4605",648.6,581.947455863358,66.6525441366425,FALSE
"4606",526.51,558.396855159162,31.8868551591618,FALSE
"4609",460.42,590.379607783395,129.959607783395,FALSE
"4610",641.15,480.075276473771,161.074723526229,FALSE
"4611",646.07,547.657541684054,98.412458315946,FALSE
"4612",550.26,518.673598191613,31.5864018083869,FALSE
"4613",655.74,541.702171847908,114.037828152092,FALSE
"4616",619.53,459.491942334681,160.038057665319,FALSE
"4617",497.28,442.687275245202,54.592724754798,FALSE
"4619",460.21,444.889987184513,15.3200128154874,FALSE
"4622",443.26,501.141271939094,57.8812719390942,FALSE
"4624",566.19,480.846561515044,85.3434384849559,FALSE
"4625",622.23,551.83470254517,70.3952974548296,FALSE
"4626",545.73,568.856211024868,23.1262110248684,FALSE
"4627",626.21,566.116368777468,60.0936312225323,FALSE
"4628",726.3,599.871848320708,126.428151679292,FALSE
"4629",594.19,625.768590854076,31.5785908540757,FALSE
"4630",598.8,592.686203303512,6.11379669648784,FALSE
"4631",678.91,499.855949123832,179.054050876168,FALSE
"4632",625.89,504.052915141999,121.837084858001,FALSE
"4633",651.17,548.112037785043,103.057962214957,FALSE
"4634",648.2,614.868004088618,33.3319959113818,FALSE
"4635",460.1,547.607740732434,87.5077407324337,FALSE
"4639",612.61,460.210383188122,152.399616811878,FALSE
"4640",504.46,481.93916218947,22.5208378105295,FALSE
"4642",699.93,588.994985284278,110.935014715722,FALSE
"4644",547.08,587.502008304726,40.4220083047258,FALSE
"4646",657.59,550.703414066619,106.886585933381,FALSE
"4647",624.71,524.182647083645,100.527352916355,FALSE
"4648",568.12,460.879733431391,107.240266568609,FALSE
"4649",517.22,551.162956530393,33.9429565303931,FALSE
"4650",419.81,442.255614959478,22.4456149594779,FALSE
"4652",398.29,519.538577663295,121.248577663295,FALSE
"4655",454.06,519.557044852972,65.4970448529722,FALSE
"4656",619.42,579.286138527691,40.1338614723091,FALSE
"4657",489.89,472.628608581853,17.2613914181466,FALSE
"4658",453.72,482.563740507571,28.8437405075705,FALSE
"4659",622.23,562.236172973816,59.9938270261841,FALSE
"4660",462.64,566.044407117263,103.404407117263,FALSE
"4661",672.81,473.983860558232,198.826139441768,FALSE
"4662",584.71,531.936054064743,52.7739459352572,FALSE
"4663",589.19,619.293569313573,30.1035693135732,FALSE
"4664",542.56,564.083426098895,21.5234260988946,FALSE
"4666",466.37,590.73666980269,124.36666980269,FALSE
"4667",610.32,569.246123374382,41.0738766256185,FALSE
"4669",528.89,535.141319816004,6.2513198160043,FALSE
"4672",452.75,510.262925826811,57.5129258268107,FALSE
"4673",554.57,546.185225485289,8.38477451471078,FALSE
"4674",493.78,529.496774242673,35.7167742426728,FALSE
"4675",480.41,495.933922242084,15.523922242084,FALSE
"4676",505.91,534.311335017229,28.4013350172294,FALSE
"4679",677.76,597.498154263555,80.261845736445,FALSE
"4680",641.95,516.184485531015,125.765514468986,FALSE
"4681",556.38,564.969314072319,8.5893140723191,FALSE
"4682",461.57,506.310562679101,44.7405626791015,FALSE
"4684",599.67,515.325557136393,84.3444428636072,FALSE
"4685",353.83,430.91244964027,77.0824496402701,FALSE
"4686",458.29,402.518146271678,55.7718537283225,FALSE
"4688",611.89,509.033858378318,102.856141621682,FALSE
"4689",400.16,458.207422526221,58.0474225262205,FALSE
"4690",593.69,457.053338213962,136.636661786038,FALSE
"4695",383.91,492.778252817603,108.868252817603,FALSE
"4697",334.51,390.335694233733,55.8256942337328,FALSE
"4698",488.38,492.288353225981,3.90835322598133,FALSE
"4700",342.04,434.91301564575,92.8730156457498,FALSE
"4701",342.2,484.614392375895,142.414392375895,FALSE
"4704",563.45,491.655354473418,71.7946455265823,FALSE
"4705",540.81,481.704688018493,59.1053119815074,FALSE
"4710",552.24,585.093862090227,32.8538620902273,FALSE
"4711",494.65,543.722938614097,49.072938614097,FALSE
"4712",578.54,617.235195352789,38.6951953527889,FALSE
"4713",622.47,580.193550414826,42.2764495851737,FALSE
"4714",403.05,510.439857845713,107.389857845713,FALSE
"4716",528.51,528.759879390252,0.249879390251635,FALSE
"4724",597.37,571.795381624464,25.5746183755361,FALSE
"4725",501.88,580.760324953099,78.8803249530993,FALSE
"4727",507.76,526.927329088403,19.1673290884034,FALSE
"4729",518.17,458.261788516932,59.9082114830678,FALSE
"4730",443.38,435.611337586039,7.76866241396135,FALSE
"4733",488.19,523.032875834607,34.8428758346067,FALSE
"4735",309.18,426.605204971952,117.425204971952,FALSE
"4736",528.51,462.848292083767,65.6617079162326,FALSE
"4737",457,550.366630078674,93.3666300786738,FALSE
"4741",531.16,502.623060613605,28.5369393863949,FALSE
"4751",448.75,551.084810996746,102.334810996746,FALSE
"4752",640.59,541.541298111948,99.0487018880521,FALSE
"4753",551.44,578.585529260376,27.1455292603762,FALSE
"4754",607.54,586.789113869934,20.7508861300664,FALSE
"4756",574.49,568.59748106913,5.89251893087021,FALSE
"4758",561.86,609.745600734694,47.8856007346936,FALSE
"4759",490.83,560.923983665257,70.0939836652566,FALSE
"4760",605.55,552.387810875747,53.1621891242527,FALSE
"4761",670.41,605.668012248707,64.741987751293,FALSE
"4762",572.58,558.601846030947,13.978153969053,FALSE
"4763",635.34,555.412467099671,79.9275329003287,FALSE
"4764",576.72,531.020708657882,45.6992913421182,FALSE
"4765",641.62,564.733328979594,76.8866710204059,FALSE
"4766",574.09,589.004637872075,14.9146378720753,FALSE
"4767",595.85,571.464548772366,24.3854512276342,FALSE
"4768",461.17,513.326836950759,52.1568369507589,FALSE
"4769",508.64,556.188898938424,47.5488989384245,FALSE
"4770",452.83,455.020648091962,2.19064809196215,FALSE
"4772",515.86,558.480456024508,42.6204560245077,FALSE
"4773",576.48,574.237559776612,2.24244022338769,FALSE
"4775",611.89,557.383658090464,54.5063419095363,FALSE
"4777",475.12,423.669000087793,51.4509999122067,FALSE
"4778",507.36,470.745250281928,36.614749718072,FALSE
"4779",721.77,586.54871302222,135.22128697778,FALSE
"4780",700.56,585.57893943224,114.98106056776,FALSE
"4781",662.71,590.079356159201,72.6306438407991,FALSE
"4782",560.82,584.086952115862,23.2669521158617,FALSE
"4783",504.14,567.128043945811,62.9880439458113,FALSE
"4784",660.39,543.385137626232,117.004862373768,FALSE
"4785",614.61,556.303948511985,58.3060514880146,FALSE
"4786",507.19,554.46458021611,47.2745802161099,FALSE
"4787",539.01,525.385632899288,13.6243671007117,FALSE
"4788",537.73,559.052218429009,21.322218429009,FALSE
"4789",688.05,588.957220406288,99.0927795937117,FALSE
"4790",577.17,589.734276278574,12.5642762785742,FALSE
"4791",494.28,555.803184568541,61.5231845685406,FALSE
"4793",533.72,558.993889922327,25.273889922327,FALSE
"4794",587.92,558.531473110701,29.3885268892985,FALSE
"4795",562.74,577.357885481211,14.6178854812114,FALSE
"4796",559.78,553.504392922271,6.27560707772875,FALSE
"4799",441.69,500.061385752616,58.371385752616,FALSE
"4801",497.28,479.232802088672,18.0471979113278,FALSE
"4802",493.64,491.919027903673,1.72097209632727,FALSE
"4803",500.61,518.42397925317,17.8139792531698,FALSE
"4805",434.04,619.030102050764,184.990102050764,FALSE
"4806",532.79,509.73767092328,23.0523290767201,FALSE
"4807",380.6,489.480726546725,108.880726546725,FALSE
"4808",468.39,463.790630604899,4.59936939510101,FALSE
"4809",636.82,539.834567684741,96.9854323152592,FALSE
"4810",360.64,375.572454578251,14.9324545782509,FALSE
"4813",485.22,484.791148338729,0.428851661271494,FALSE
"4815",561.62,460.56313158999,101.05686841001,FALSE
"4817",542.72,554.747064365223,12.0270643652225,FALSE
"4818",634.23,577.181849325353,57.0481506746469,FALSE
"4819",351.42,473.940096211051,122.520096211051,FALSE
"4820",459.94,554.272164490197,94.3321644901974,FALSE
"4822",382.88,477.282661866712,94.402661866712,FALSE
"4823",419.24,404.415565467762,14.8244345322382,FALSE
"4824",538.11,521.565168450159,16.5448315498413,FALSE
"4827",518.88,564.601809192884,45.7218091928844,FALSE
"4828",546.15,551.176327595285,5.02632759528524,FALSE
"4833",464.22,448.296944359937,15.9230556400631,FALSE
"4834",600.23,549.631357270178,50.5986427298222,FALSE
"4835",332.5,419.929449180616,87.4294491806158,FALSE
"4837",461.25,454.382385342806,6.86761465719371,FALSE
"4838",293.54,446.330399290439,152.790399290439,FALSE
"4842",481.94,434.52947591338,47.4105240866198,FALSE
"4843",459.65,466.747380993827,7.09738099382673,FALSE
"4845",485.92,484.840639545723,1.07936045427709,FALSE
"4846",417.04,458.831647976846,41.7916479768464,FALSE
"4848",335.22,577.462229869853,242.242229869853,FALSE
"4850",589.92,548.803397654464,41.1166023455355,FALSE
"4854",582.28,576.782311657047,5.49768834295287,FALSE
"4855",510.64,528.057558902764,17.4175589027635,FALSE
"4856",492.43,503.008284933822,10.578284933822,FALSE
"4858",438.16,515.358840554367,77.1988405543665,FALSE
"4859",576.69,506.429150146306,70.2608498536943,FALSE
"4860",410.27,452.559699698402,42.2896996984017,FALSE
"4861",555.53,454.447451802558,101.082548197441,FALSE
"4863",471.14,465.32436978263,5.81563021737037,FALSE
"4866",457.32,471.866750984644,14.5467509846437,FALSE
"4867",541.68,521.584700035557,20.0952999644426,FALSE
"4868",500.45,520.271814537592,19.821814537592,FALSE
"4869",595.93,487.868843230829,108.061156769171,FALSE
"4871",523.73,556.577113576792,32.8471135767924,FALSE
"4872",525.31,561.936302465699,36.6263024656994,FALSE
"4873",526.75,447.04505776929,79.7049422307101,FALSE
"4874",524.92,395.248076557638,129.671923442362,FALSE
"4875",496.13,484.743530525089,11.3864694749112,FALSE
"4877",675.86,469.041683358111,206.81831664189,FALSE
"4881",465.26,491.758850017279,26.4988500172793,FALSE
"4882",459.57,469.982606010157,10.4126060101575,FALSE
"4885",654.88,561.602643790214,93.2773562097865,FALSE
"4887",471.22,491.796356944689,20.5763569446894,FALSE
"4889",328.86,395.645840100496,66.785840100496,FALSE
"4892",490.13,500.890800851965,10.760800851965,FALSE
"4893",613.34,587.5782891089,25.7617108910996,FALSE
"4895",532.86,524.291465169773,8.56853483022667,FALSE
"4896",590.3,530.547938498779,59.7520615012211,FALSE
"4897",348.88,396.174399818779,47.2943998187788,FALSE
"4898",622.55,528.285571752515,94.2644282474848,FALSE
"4903",525.79,547.957097187636,22.1670971876358,FALSE
"4904",553.77,537.107812094732,16.6621879052676,FALSE
"4905",450.67,484.799963799747,34.1299637997467,FALSE
"4906",649.32,537.881539113033,111.438460886967,FALSE
"4907",539.34,522.510629804149,16.8293701958509,FALSE
"4908",474.72,437.814596933533,36.9054030664674,FALSE
"4909",648.05,618.125704341496,29.9242956585041,FALSE
"4910",558.5,564.053164572665,5.55316457266474,FALSE
"4911",598.74,550.388495385905,48.351504614095,FALSE
"4913",527.3,522.164059866936,5.13594013306363,FALSE
"4914",415.13,472.842103273512,57.7121032735117,FALSE
"4915",555.51,433.840540152999,121.669459847001,FALSE
"4917",405.14,505.238684450936,100.098684450936,FALSE
"4920",630.1,571.506764840785,58.5932351592154,FALSE
"4923",490.13,534.477893755908,44.3478937559076,FALSE
"4926",517.29,428.900291494764,88.3897085052362,FALSE
"4932",471.85,483.957334858925,12.1073348589246,FALSE
"4933",742.32,553.772317974286,188.547682025714,FALSE
"4934",511.44,552.974252420623,41.5342524206227,FALSE
"4935",446.74,357.993993603924,88.746006396076,FALSE
"4936",625.73,538.048455619426,87.6815443805743,FALSE
"4937",640.03,543.057831932909,96.9721680670908,FALSE
"4948",508.4,509.628286709625,1.22828670962525,FALSE
"4949",468.31,380.42013059224,87.8898694077596,FALSE
"4950",425.86,421.833809599694,4.02619040030578,FALSE
"4952",411.07,418.457268273708,7.38726827370778,FALSE
"4953",461.85,458.099809948758,3.75019005124216,FALSE
"4954",454.62,475.293879044974,20.6738790449742,FALSE
"4956",468.12,458.572593653121,9.54740634687926,FALSE
"4957",559.08,419.39262735001,139.68737264999,FALSE
"4958",501.8,578.659868233928,76.8598682339279,FALSE
"4959",589.92,539.734350766317,50.1856492336825,FALSE
"4960",629.76,585.60597391334,44.1540260866602,FALSE
"4961",534.12,436.533735075425,97.5862649245755,FALSE
"4962",504.54,449.912214600494,54.6277853995057,FALSE
"4964",501.96,518.992331966471,17.0323319664706,FALSE
"4965",486.71,520.277817522901,33.5678175229007,FALSE
"4966",386.54,420.787622881555,34.2476228815548,FALSE
"4967",561.7,523.30889757982,38.3911024201798,FALSE
"4968",543.03,559.737782396772,16.7077823967718,FALSE
"4970",582.47,519.009568514043,63.4604314859573,FALSE
"4971",572.98,557.595342679282,15.3846573207176,FALSE
"4972",541.82,571.438010659601,29.6180106596006,FALSE
"4973",461.53,489.714658552901,28.1846585529014,FALSE
"4975",397.04,428.967647464496,31.9276474644963,FALSE
"4976",546.95,500.616592530145,46.3334074698551,FALSE
"4979",356.95,423.694778680386,66.7447786803864,FALSE
"4980",440.08,510.625911948186,70.5459119481859,FALSE
"4981",496.64,446.682942879001,49.9570571209991,FALSE
"4982",435.92,489.836312301139,53.9163123011386,FALSE
"4983",544.94,573.371861786104,28.4318617861043,FALSE
"4989",467.8,552.838786157139,85.0387861571391,FALSE
"4991",546.05,589.296709632224,43.2467096322239,FALSE
"4994",571.63,569.104424745715,2.52557525428506,FALSE
"4995",525.4,525.742392406063,0.342392406063141,FALSE
"4996",522.46,552.149000957539,29.6890009575392,FALSE
"4997",392.79,463.288133388381,70.4981333883809,FALSE
"4998",608.25,468.963300291701,139.286699708299,FALSE
"5000",628.51,582.439442941673,46.0705570583268,FALSE
"5001",372.27,494.636386208506,122.366386208506,FALSE
"5002",768.01,596.644366157038,171.365633842962,FALSE
"5004",495.24,547.935314146889,52.6953141468888,FALSE
"5005",518.49,525.741146237074,7.25114623707441,FALSE
"5006",510.86,517.270107231945,6.41010723194461,FALSE
"5007",367.07,425.179786747504,58.1097867475041,FALSE
"5009",450.27,474.274049337578,24.004049337578,FALSE
"5010",379.48,458.431577204657,78.9515772046568,FALSE
"5012",380.6,435.065845857911,54.4658458579108,FALSE
"5014",319.09,386.443988021032,67.3539880210324,FALSE
"5016",374.99,476.491187990945,101.501187990945,FALSE
"5017",476.14,370.054572852117,106.085427147883,FALSE
"5019",543.5,489.095152780593,54.4048472194074,FALSE
"5020",670.61,594.171265555383,76.4387344446167,FALSE
"5021",622.31,563.797698586801,58.5123014131989,FALSE
"5023",473.28,558.037792522646,84.7577925226459,FALSE
"5024",735.91,502.853218777354,233.056781222645,FALSE
"5025",559,549.780347713192,9.21965228680835,FALSE
"5026",465.58,482.216220848678,16.6362208486783,FALSE
"5029",611.91,534.41666744944,77.4933325505601,FALSE
"5030",446.35,517.295640427385,70.9456404273849,FALSE
"5031",539.38,551.588934352628,12.2089343526278,FALSE
"5032",595.62,521.08106778513,74.5389322148695,FALSE
"5033",487.63,481.285267802299,6.34473219770052,FALSE
"5034",475.2,434.445406158321,40.7545938416794,FALSE
"5035",464.86,483.820039960259,18.9600399602587,FALSE
"5037",378.68,393.07013215189,14.3901321518895,FALSE
"5038",483.94,529.383196205106,45.4431962051062,FALSE
"5039",415.48,483.461369699395,67.9813696993946,FALSE
"5041",486.59,511.325161212393,24.7351612123935,FALSE
"5042",655.1,571.979322159192,83.1206778408082,FALSE
"5043",467.59,553.942754732891,86.3527547328915,FALSE
"5044",367.79,432.568100642241,64.7781006422406,FALSE
"5045",535.17,546.647860034583,11.4778600345835,FALSE
"5046",529.85,523.526897099307,6.32310290069336,FALSE
"5048",420.21,449.023007823649,28.8130078236492,FALSE
"5049",471.78,520.53203291096,48.7520329109598,FALSE
"5050",393.35,554.78048179468,161.43048179468,FALSE
"5051",509.27,511.717824184356,2.44782418435574,FALSE
"5052",615.96,581.443165875301,34.5168341246995,FALSE
"5053",544.15,553.329062888894,9.17906288889367,FALSE
"5054",367.7,453.601241978938,85.901241978938,FALSE
"5057",420.14,484.528835839222,64.3888358392218,FALSE
"5058",596.81,526.9583592086,69.8516407914,FALSE
"5059",357.3,465.482294824259,108.182294824259,FALSE
"5060",438.57,561.153703780614,122.583703780614,FALSE
"5061",635.7,459.037833122721,176.662166877279,FALSE
"5063",481.61,463.107171507191,18.5028284928089,FALSE
"5064",438.48,450.625196995641,12.145196995641,FALSE
"5066",544.38,460.717155062446,83.6628449375542,FALSE
"5068",440.95,519.463523834827,78.5135238348274,FALSE
"5070",371.79,498.610256641349,126.820256641349,FALSE
"5071",600.47,525.914743897679,74.5552561023213,FALSE
"5072",415.8,517.644207978364,101.844207978364,FALSE
"5073",672.36,585.024066679231,87.3359333207694,FALSE
"5074",441.59,493.594263463519,52.004263463519,FALSE
"5076",438.48,536.668077435574,98.1880774355741,FALSE
"5080",519.28,519.390467437533,0.110467437532975,FALSE
"5082",540.49,483.775629910932,56.7143700890677,FALSE
"5083",334.51,409.935570366139,75.4255703661386,FALSE
"5086",491.16,475.110824635492,16.0491753645081,FALSE
"5088",448.74,360.697181350543,88.0428186494574,FALSE
"5092",493.07,519.434079340297,26.364079340297,FALSE
"5093",569.8,550.97262185527,18.8273781447301,FALSE
"5094",453.8,516.810475288751,63.0104752887513,FALSE
"5095",542,541.197079412429,0.802920587570611,FALSE
"5099",432.55,467.552291622871,35.002291622871,FALSE
"5101",530.08,572.567462940415,42.4874629404151,FALSE
"5105",485.68,588.623677739316,102.943677739316,FALSE
"5107",608.12,553.766501247531,54.3534987524691,FALSE
"5109",511.44,472.301404215739,39.1385957842608,FALSE
"5110",635.78,539.842149906925,95.9378500930749,FALSE
"5111",536.2,541.832667262146,5.63266726214567,FALSE
"5113",500.69,526.910589361625,26.2205893616246,FALSE
"5114",569.48,510.995263426258,58.4847365737417,FALSE
"5115",440.89,552.120930293241,111.230930293241,FALSE
"5116",622.31,528.116136819881,94.1938631801191,FALSE
"5118",399.84,487.248786531819,87.4087865318186,FALSE
"5119",533.1,591.653206801567,58.5532068015669,FALSE
"5120",708.67,556.700710243666,151.969289756334,FALSE
"5121",476.97,509.162091096074,32.1920910960736,FALSE
"5122",422.21,526.593655594437,104.383655594437,FALSE
"5124",435.36,451.636310089148,16.2763100891481,FALSE
"5139",372.67,357.547182704298,15.1228172957016,FALSE
"5140",475.44,453.273406692116,22.1665933078845,FALSE
"5141",594.25,541.579244633069,52.6707553669312,FALSE
"5143",580.94,540.721435407986,40.218564592014,FALSE
"5144",515.55,527.039948974493,11.489948974493,FALSE
"5145",502.84,572.182732759239,69.3427327592395,FALSE
"5147",532.94,525.762287306051,7.1777126939495,FALSE
"5148",505.3,462.248671826776,43.0513281732241,FALSE
"5149",531.24,514.078739100336,17.1612608996643,FALSE
"5150",439.45,455.833786295338,16.3837862953379,FALSE
"5151",462.29,477.026109865363,14.7361098653628,FALSE
"5152",306.05,377.583159083043,71.5331590830432,FALSE
"5155",572.74,496.670379090418,76.0696209095817,FALSE
"5156",541.02,552.762702022394,11.7427020223939,FALSE
"5159",475.91,586.141003210985,110.231003210985,FALSE
"5162",484.02,556.619878233322,72.5998782333221,FALSE
"5163",393.51,412.998587316203,19.4885873162026,FALSE
"5165",488.78,496.096768093623,7.31676809362267,FALSE
"5167",568.6,478.84688636342,89.7531136365803,FALSE
"5168",423.63,491.256301365337,67.6263013653375,FALSE
"5169",435.15,546.464121089449,111.314121089449,FALSE
"5171",446.2,521.855525924353,75.6555259243528,FALSE
"5172",389.82,467.560134326766,77.7401343267664,FALSE
"5174",364.37,533.202380134323,168.832380134323,FALSE
"5175",430.47,434.99626030584,4.52626030583963,FALSE
"5176",377.96,525.885776862387,147.925776862387,FALSE
"5177",472.97,470.255168094853,2.71483190514743,FALSE
"5178",487.9,486.596677599479,1.30332240052138,FALSE
"5185",566.19,488.591463657674,77.5985363423259,FALSE
"5186",451.47,484.594105607087,33.1241056070867,FALSE
"5187",619.85,626.816752402511,6.96675240251068,FALSE
"5188",483.53,533.546934703474,50.0169347034738,FALSE
"5189",528.02,552.240262914732,24.2202629147321,FALSE
"5190",435.76,528.718221678264,92.9582216782644,FALSE
"5194",525.4,475.445834323619,49.954165676381,FALSE
"5195",583.35,517.85976307837,65.4902369216296,FALSE
"5197",421.81,518.608785181048,96.7987851810475,FALSE
"5198",496,430.61845894736,65.3815410526396,FALSE
"5200",614.93,532.865968253801,82.0640317461988,FALSE
"5209",533.72,448.317796829923,85.4022031700771,FALSE
"5213",242.64,445.404606794191,202.764606794191,FALSE
"5214",593.05,507.636883329516,85.4131166704836,FALSE
"5215",371.44,500.788117390775,129.348117390775,FALSE
"5216",617.79,541.859090769552,75.9309092304482,FALSE
"5217",426.73,530.457229341586,103.727229341586,FALSE
"5218",638.12,467.904590043168,170.215409956832,FALSE
"5220",414.74,488.927289800744,74.1872898007438,FALSE
"5222",562.18,542.399079758566,19.7809202414338,FALSE
"5223",526.67,600.497800262001,73.827800262001,FALSE
"5224",582.55,584.698695940718,2.14869594071854,FALSE
"5225",611.91,559.682149489472,52.2278505105277,FALSE
"5226",667.2,567.418890243937,99.7811097560634,FALSE
"5227",541.76,548.934682947864,7.17468294786386,FALSE
"5229",465.58,477.189929416955,11.609929416955,FALSE
"5232",596.34,591.901690885984,4.43830911401608,FALSE
"5233",577.43,544.064111934597,33.3658880654028,FALSE
